Customer,URL,State,Country - Canada,Partners,Industry,ERP,CLEAN_Update,Update Ring,Products,Platform,Canada,DataType,Data Provider,Options (Add-ons),Data Enhancement Services,CLEAN_Data Portal Transactions,Notes
Abraham Baldwin Agricultural College,abac.edu,GA,,,Higher Education,Banner,Linux 64-bit,,CLEAN_Address - USPS,Linux,,DPV,Data Provider: Melissa
ACGI Software,acgisoftware.com,MD,,,Software,,Linux 64-bit,"Quarterly,Monthly","CLEAN_Address - USPS,CLEAN_Address - CAN",Linux,Canada - Unix,DPV,Data Provider: Melissa,"AddressDoctor International,GeoCoder,Canada GeoCoding"
Actra Fraternal Benefit Society,www.afbs.ca/,ON,Canada,,Insurance,,Linux 64-bit,Monthly,"CLEAN_Address - USPS,CLEAN_Address - CAN",Linux,Canada - Unix,NO DPV,Data Provider: Melissa,AddressDoctor International
Adams State University,adams.edu,CO,,,Higher Education,Banner,Linux 64-bit,,CLEAN_Address - USPS,Linux,,DPV,Data Provider: Melissa,,"NCOA - Prepaid,Email - Prepaid,Phone - Prepaid"
Affinity Federal Credit Union,affinityfcu.com,WA,Finance,ASCEN,Credit Union,Credit Union,,Monthly,CLEAN_Address - USPS,Windows,,DPV,Data Provider: Melissa
Aims Community College,aims.edu,CO,,,Higher Education,"Banner, EDQ Connect Workday",,,"CLEAN_Address - USPS,EDQ Connect Platform - USPS",Linux,,DPV,Data Provider: Melissa
Alamo Colleges,alamo.edu,TX,,,Higher Education,Banner,Linux 64-bit,,CLEAN_Address - USPS,"AIX, Linux",,DPV,Data Provider: Melissa
Albany State University,asurams.edu,GA,,,Higher Education,Banner,Linux 64-bit,,CLEAN_Address - USPS,Linux,,DPV,Data Provider: Melissa,,NCOA - Prepaid
Albert Einstein College of Medicine,einstein.yu.edu,NY,,,Higher Education,Banner,Linux 64-bit,Monthly,"CLEAN_Address - USPS,CLEAN_Address - CAN",Linux,Canada - Unix,DPV,Data Provider: Melissa,AddressDoctor International
Albion College,albion.edu,MI,,,Higher Education,Banner,Linux 64-bit,,CLEAN_Address - USPS,Linux,,DPV,Data Provider: Melissa,,NCOA - Prepaid
Allan Hancock College,hancockcollege.edu,CA,,,Higher Education,Banner,Linux 64-bit,,CLEAN_Address - USPS,Linux,,DPV,Data Provider: Melissa
Allegheny College,allegheny.edu,PA,,,Higher Education,Colleague,Windows 64-bit,,CLEAN_Address - USPS,Windows,,DPV,Data Provider: Melissa,,NCOA - Prepaid
AllSouth Federal Credit Union,allsouth.org,WA,Finance,ASCEN,Credit Union,Credit Union,Windows 64-bit,Monthly,CLEAN_Address - USPS,Windows,,DPV,Data Provider: Melissa
Altra Federal Credit Union,altra.org,WA,Finance,ASCEN,Credit Union,Credit Union,Windows 64-bit,Monthly,CLEAN_Address - USPS,Windows,,DPV,Data Provider: Melissa,GeoCoder,NCOA
Alvin Community College,alvincollege.edu,TX,,,Higher Education,Colleague,Windows 64-bit,,CLEAN_Address - USPS,Windows,,DPV,Data Provider: Melissa,,NCOA - Prepaid
Angelo State University,angelo.edu,TX,,,Higher Education,,Linux 64-bit,,CLEAN_Address - USPS,Linux,,DPV,Data Provider: Melissa
Antelope Valley College,avc.edu,CA,,,Higher Education,Banner,Linux 64-bit,,CLEAN_Address - USPS,Linux,,DPV,Data Provider: Melissa
Appalachian State University,appstate.edu,NC,,,Higher Education,Banner,Windows 64-bit,,CLEAN_Address - USPS,Windows,,DPV,Data Provider: Melissa
Arbitration Forums,arbfile.org,FL,,,Services,,Windows 64-bit,Monthly,"CLEAN_Address - USPS,CLEAN_Address - CAN",Windows,Canada - Win,DPV,Data Provider: Melissa
Arizona Dept of Environ Quality (ADEQ),azdeq.gov,AZ,,,Public Administration,,Linux 64-bit,,CLEAN_Address - USPS,Linux,,DPV,Data Provider: Melissa
Arizona State Parks,azstateparks.com,AZ,,,Public Administration,,Windows 64-bit,Quarterly,CLEAN_Address - USPS,Windows,,DPV,Data Provider: Melissa,GeoCoder
Arizona Western College,azwestern.edu,AZ,,,Higher Education,Colleague,Windows 64-bit,,CLEAN_Address - USPS,Windows,,DPV,Data Provider: Melissa
Arkansas State University,astate.edu,AR,,,Higher Education,Banner,Linux 64-bit,Monthly,CLEAN_Address - USPS,Linux,,DPV,Data Provider: Melissa,"AddressDoctor International,Demographic",NCOA
Arkansas Tech University,atu.edu,AR,,,Higher Education,Banner,Linux 64-bit,,CLEAN_Address - USPS,Linux,,DPV,Data Provider: Melissa,,NCOA,,"ASU-Jonesboro = 9,533
AscendoSoft,ascendosoft.com,WA,,ASCEN,Software,,Windows 64-bit,"Monthly,Quarterly","CLEAN_Address - USPS,CLEAN_Address - CAN",Windows,Canada - Win,DPV,Data Provider: Melissa,"GeoCoder,Canada GeoCoding"
Ashland University,ashland.edu,OH,,,Higher Education,Colleague,Windows 64-bit,,"CLEAN_Address - USPS,EDQ Connect - DES",Windows,,DPV,Data Provider: Melissa,"AddressDoctor International,RBDI","EDQ Connect DES - NCOA Prepaid,EDQ Connect DES - MCOA Prepaid,EDQ Connect DES – Deceased Append Prepaid,EDQ Connect DES – Date of Birth Append Prepaid"
Athens State University,athens.edu,AL,,,Higher Education,Banner,Linux 64-bit,,CLEAN_Address - USPS,Linux,,DPV,Data Provider: Melissa
Atlanta Metropolitan State College,atlm.edu,GA,,,Higher Education,Banner,Linux 64-bit,,CLEAN_Address - USPS,Linux,,DPV,Data Provider: Melissa,AddressDoctor International,"NCOA - Prepaid,Phone - Prepaid,Email - Prepaid,MCOA - Prepaid"
Auburn University Montgomery,aum.edu,AL,,,Higher Education,Banner,Windows 64-bit,,CLEAN_Address - USPS,Windows,,DPV,Data Provider: Melissa
Augusta University,augusta.edu,GA,,,Higher Education,Banner,Linux 64-bit,,CLEAN_Address - USPS,Linux,,DPV,Data Provider: Melissa
Austin Peay State University,apsu.edu,TN,,,Higher Education,Banner,Linux 64-bit,,CLEAN_Address - USPS,Linux,,DPV,Data Provider: Melissa,,NCOA - Prepaid
Azusa Pacific University,apu.edu,CA,,,Higher Education,PeopleSoft,Windows 64-bit,,CLEAN_Address - USPS,Windows,,DPV,Data Provider: Melissa
Baldwin Wallace University,bw.edu,OH,,,Higher Education,Colleague,Windows 64-bit,,CLEAN_Address - USPS,Windows,,DPV,Data Provider: Melissa
Ball State University,bsu.edu,IN,,,Higher Education,Banner,"Linux 64-bit,Windows 64-bit",,CLEAN_Address - USPS,"Linux, Windows",,DPV,Data Provider: Melissa,"AddressDoctor International,CLEAN_Entry"
Bamboo Health Inc (Old name...Appriss Health LLC ),bamboohealth.com,KY,,,Software,,Linux 64-bit,"Quarterly,Monthly",CLEAN_Address - USPS,Linux,,DPV,Data Provider: Melissa,GeoCoder
Bank-Fund Staff Federal Credit Union,bfsfcu.org,WA,Finance,ASCEN,Credit Union,Credit Union,,Monthly,CLEAN_Address - USPS,Windows,,DPV,Data Provider: Melissa
Barry University,barry.edu,FL,,,Higher Education,Salesforce,,,"CLEAN_Address - USPS,Salesforce - US & CAN",,,,Data Provider: Melissa,Salesforce US/CAN Transacations
Barton County Community College,bartonccc.edu,KS,,,Higher Education,Banner,Linux 64-bit,,CLEAN_Address - USPS,Linux,,DPV,Data Provider: Melissa,AddressDoctor International,NCOA - Prepaid
Bay Federal Credit Union,bayfed.com,WA,Finance,ASCEN,Credit Union,Credit Union,,,DES,,,,Data Provider: Melissa,,NCOA
Baylor University,baylor.edu,TX,,,Higher Education,Banner,Windows 64-bit,,CLEAN_Address - USPS,Windows,,DPV,Data Provider: Melissa
BDEX,bd-exp.com,FL,,,Software,,"Windows 64-bit,Linux 64-bit",Monthly,CLEAN_Address - USPS,"Linux, Windows",,DPV,Data Provider: Melissa,GeoCoder
BECU,becu.org,WA,Finance,ASCEN,Credit Union,,,,CLEAN_Address - USPS,Windows,,DPV,Data Provider: Melissa
Bellarmine University,bellarmine.edu,KY,,,Higher Education,Colleague,Windows 64-bit,,CLEAN_Address - USPS,Windows,,DPV,Data Provider: Melissa,,NCOA
Belmont University,belmont.edu,TN,,,Higher Education,Banner,Linux 64-bit,,CLEAN_Address - USPS,Linux,,DPV,Data Provider: Melissa,,NCOA - Prepaid
Bethel University,bethel.edu,MN,,,Higher Education,Banner,Linux 64-bit,,CLEAN_Address - USPS,Linux,,DPV,Data Provider: Melissa,,NCOA - Prepaid
Biola University,biola.edu,CA,Higher Education,Banner,Linux 64-bit,Monthly,CLEAN_Address - USPS,Linux,,DPV,Data Provider: Melissa,AddressDoctor International
Blackhawk Technical College,blackhawk.edu,WI,Higher Education,Banner,Linux 64-bit,,CLEAN_Address - USPS,Linux,,DPV,Data Provider: Melissa
Bloomsburg University,bloomu.edu,PA,Higher Education,Banner,,,CLEAN_Address - USPS,Windows,,DPV,Data Provider: Melissa,CLEAN_Entry,,,"Bloomsburg U, Lock Haven U, Mansfield U are collectively under Commonwealth, but are to be treated as individual licenses."
Bluestar, Inc.,bluestarinc.com,KY,,,Software,"E-Business Suite, iStore, EDI",Linux 64-bit,Monthly,"CLEAN_Address - USPS,CLEAN_Address - CAN",Linux,,DPV,Data Provider: Melissa
BOK FinancialCorp,bokf.com,OK,Finance,,Finance & Banking,,Windows 64-bit,Quarterly,CLEAN_Address - USPS,Windows,,DPV,Data Provider: Melissa,GeoCoder
Boston University,bu.edu,MA,,,Higher Education,PeopleSoft,Linux 64-bit,,CLEAN_Address - USPS,Linux,,DPV,Data Provider: Melissa,AddressDoctor International
Bridgewater State University,bridgew.edu,MA,Higher Education,Banner,Windows 64-bit,,CLEAN_Address - USPS,Windows,,DPV,Data Provider: Melissa
Bristol Community College,bristolcc.edu,MA,Higher Education,Banner,,,CLEAN_Address - USPS,Linux,,DPV,Data Provider: Melissa,,NCOA - Prepaid
Brown University,brown.edu,RI,,,Higher Education,Banner,Linux 64-bit,,CLEAN_Address - USPS,Linux,,DPV,Data Provider: Melissa
Butler Community College,butlercc.edu,KS,Higher Education,Banner,Linux 64-bit,,CLEAN_Address - USPS,Linux,,DPV,Data Provider: Melissa,,NCOA - Prepaid,,Reference
California Credit Union,ccu.com,WA,Finance,ASCEN,Credit Union,Credit Union,Windows 64-bit,Monthly,CLEAN_Address - USPS,Windows,,DPV,Data Provider: Melissa,,NCOA
California State University - San Bernardino,csusb.edu,CA,,,Higher Education,Advance,,,DES,,,,,,NCOA - Prepaid
Cameron University,cameron.edu,OK,Higher Education,Banner,,,CLEAN_Address - USPS,Linux,,DPV,Data Provider: Melissa,,NCOA
Canandaigua National Bank,cnbank.com,WA,Finance,ASCEN,Credit Union,Credit Union,,Monthly,CLEAN_Address - USPS,Windows,,DPV,Data Provider: Melissa,,NCOA
Case Western Reserve University - Advancement Dept ,case.edu,OH,,,Higher Education,Advance,Windows 64-bit,Quarterly,CLEAN_Address - USPS,Windows,,DPV,Data Provider: Melissa,"AddressDoctor International,GeoCoder"
Case Western Reserve University - Main Campus,case.edu,OH,,,Higher Education,PeopleSoft,Linux 64-bit,Quarterly,CLEAN_Address - USPS,Linux,,DPV,Data Provider: Melissa,"AddressDoctor International,GeoCoder"
Casper College,caspercollege.edu,WY,,,Higher Education,Colleague,Windows 64-bit,,CLEAN_Address - USPS,Windows,,DPV,Data Provider: Melissa
Cayuga Community College,cayuga-cc.edu,NY,Higher Education,Banner,,,CLEAN_Address - USPS,Linux,,DPV,Data Provider: Melissa,,NCOA
Centennial College,centennialcollege.ca,ON,Canada,,Higher Education,Banner,Linux 64-bit,Monthly,CLEAN_Address - CAN,"Solaris, Linux",Canada - Unix,NO DPV,Data Provider: Melissa
Central New Mexico Community College,cnm.edu,NM,,,Higher Education,Banner,,,CLEAN_Address - USPS,Linux,,DPV,Data Provider: Melissa,,NCOA - Prepaid
Central Oregon Community College,cocc.edu,OR,Higher Education,Banner,Linux 64-bit,,CLEAN_Address - USPS,Linux,,DPV,Data Provider: Melissa
Central State University,Centralstate.edu,OH,,,Higher Education,Banner,Linux 64-bit,,CLEAN_Address - USPS,Linux,,DPV,Data Provider: Melissa
Chaffey College,chaffey.edu,CA,,,Higher Education,Colleague,Linux 64-bit,,CLEAN_Address - USPS,Linux,,DPV,Data Provider: Melissa,CLEAN_Entry
Chattanooga State Community College,chattanoogastate.edu,TN,,,Higher Education,Banner,Linux 64-bit,,CLEAN_Address - USPS,Linux,,DPV,Data Provider: Melissa,,NCOA - Prepaid
Chemeketa Community College,chemeketa.edu,OR,,,Higher Education,Banner,Linux 64-bit,,CLEAN_Address - USPS,Linux,,DPV,Data Provider: Melissa
Chicago State University,csu.edu,IL,,,Higher Education,Banner,"Linux 64-bit,Windows 64-bit",,CLEAN_Address - USPS,"Windows, Linux",,DPV,Data Provider: Melissa
Children's Hospital Los Angeles,chla.org,CA,,,Healthcare,PeopleSoft,Linux 64-bit,,CLEAN_Address - USPS,Linux,,DPV,Data Provider: Melissa,,NCOA - Prepaid
Chippewa Valley Technical College,cvtc.edu,WI,,,Higher Education,Banner,Linux 64-bit,,CLEAN_Address - USPS,Linux,,DPV,Data Provider: Melissa
Choreograph LLC,choreograph.com,NY,,,Communications,,Linux 64-bit,"Monthly,Quarterly","CLEAN_Address - USPS,CLEAN_Address - CAN",Linux,Canada - Unix,DPV,Data Provider: Melissa,"GeoCoder,RBDI,Demographic"
Christopher Newport University,cnu.edu,VA,,,Higher Education,Banner,Linux 64-bit,,CLEAN_Address - USPS,Linux,,DPV,Data Provider: Melissa
CIOX Health,cioxhealth.com,GA,,MDATA,Healthcare,,Windows 64-bit,Monthly,"CLEAN_Address - USPS,CLEAN_Address - CAN",Windows,Canada - Win,DPV,Data Provider: Melissa
City of Boston,boston.gov,MA,,,Public Sector,"PeopleSoft, PeopleSoft DB2",Windows 64-bit,,CLEAN_Address - USPS,Windows,,DPV,Data Provider: Melissa
City of Philadelphia,phila.gov,PA,,,Public Sector,,Linux 64-bit,,CLEAN_Address - USPS,Linux,,DPV,Data Provider: Melissa
City University of New York,cau.edu,NY,,,Higher Education,PeopleSoft,Linux 64-bit,Monthly,CLEAN_Address - USPS,Linux,,DPV,Data Provider: Melissa
Clark Atlanta University,cau.edu,GA,,,Higher Education,Banner,Linux 64-bit,,CLEAN_Address - USPS,Linux,,DPV,Data Provider: Melissa
Clark State College,clarkstate.edu,OH,,,Higher Education,Colleague,Linux 64-bit,,CLEAN_Address - USPS,Linux,,DPV,Data Provider: Melissa
Clear Capital,clearcapital.com,CA,,MDATA,Software,,Linux 64-bit,Quarterly,CLEAN_Address - USPS,Linux,,DPV,Data Provider: Melissa,"Demographic,COM License Key from Melissa"
Clemson University,clemson.edu,SC,,,Higher Education,"PeopleSoft, Banner",Linux 64-bit,"Monthly,Quarterly",CLEAN_Address - USPS,Linux,,DPV,Data Provider: Melissa,"GeoData,CLEAN_Entry"
Cleveland State Community College,clevelandstatecc.edu,TN,,,Higher Education,Banner,Linux 64-bit,,CLEAN_Address - USPS,Linux,,DPV,Data Provider: Melissa,,NCOA - Prepaid
Clovis Community College,cloviscollege.edu,NM,,,Higher Education,Banner,Linux 64-bit,,CLEAN_Address - USPS,Linux,,DPV,Data Provider: Melissa
Coast Community College District,cccd.edu,CA,,,Higher Education,Banner,Linux 64-bit,,CLEAN_Address - USPS,Linux,,DPV,Data Provider: Melissa
Cochise College,cochise.edu,AZ,,,Higher Education,Banner,,,CLEAN_Address - USPS,Windows,,DPV,Data Provider: Melissa
Coconino Community College,coconino.edu,AZ,,,Higher Education,Banner,Linux 64-bit,,CLEAN_Address - USPS,Linux,,DPV,Data Provider: Melissa
Colgate University,colgate.edu,NY,,,Higher Education,Banner,Linux 64-bit,,CLEAN_Address - USPS,Linux,,DPV,Data Provider: Melissa
College of Charleston,cofc.edu,SC,,,Higher Education,Banner,Linux 64-bit,,CLEAN_Address - USPS,Linux,,DPV,Data Provider: Melissa,AddressDoctor International,NCOA - Prepaid
College of Coastal Georgia,ccga.edu,GA,,,Higher Education,,,,DES,,,,,,NCOA
College of St. Scholastica,css.edu,MN,,,Higher Education,Banner,Linux 64-bit,,CLEAN_Address - USPS,Linux,,DPV,Data Provider: Melissa
College of the Sequoias,cos.edu,CA,,,Higher Education,Banner,Linux 64-bit,,CLEAN_Address - USPS,"Windows, Linux",,DPV,Data Provider: Melissa
College of William and Mary,wm.edu,VA,,,Higher Education,Banner,Linux 64-bit,,CLEAN_Address - USPS,Linux,,DPV,Data Provider: Melissa
Colorado College,coloradocollege.edu,CO,,,Higher Education,Banner,Windows 64-bit,,CLEAN_Address - USPS,Windows,,DPV,Data Provider: Melissa
Colorado Community College System,cccs.edu,CO,,,Higher Education,Banner,Linux 64-bit,,CLEAN_Address - USPS,Linux,,DPV,Data Provider: Melissa,CLEAN_Entry
Colorado Mesa University,coloradomesa.edu,CO,,,Higher Education,Banner,Linux 64-bit,,CLEAN_Address - USPS,Linux,,DPV,Data Provider: Melissa,,NCOA - Prepaid
Columbia State Community College,columbiastate.edu,TN,,,Higher Education,Banner,Linux 64-bit,,CLEAN_Address - USPS,Linux,,DPV,Data Provider: Melissa,,NCOA - Prepaid
Columbus State University,columbusstate.edu,GA,,,Higher Education,Banner,Linux 64-bit,,CLEAN_Address - USPS,Linux,,DPV,Data Provider: Melissa
Community College of Baltimore County,ccbcmd.edu,MD,,,Higher Education,Banner,,,CLEAN_Address - USPS,Linux,,DPV,Data Provider: Melissa
Community College of Philadelphia,ccp.edu,PA,,,Higher Education,Banner,Linux 64-bit,,CLEAN_Address - USPS,Linux,,DPV,Data Provider: Melissa,AddressDoctor International
Community College of Rhode Island,ccri.edu,RI,,,Higher Education,Banner,Linux 64-bit,,CLEAN_Address - USPS,Linux,,DPV,Data Provider: Melissa
Concordia College - Minnesota,concordiacollege.edu,MN,,,Higher Education,Banner,,,CLEAN_Address - USPS,Linux,,DPV,Data Provider: Melissa
Concordia University - Chicago,cuchicago.edu,IL,,,Higher Education,Banner,Linux 64-bit,,CLEAN_Address - USPS,Linux,,DPV,Data Provider: Melissa,,"NCOA,Phone Append"
Concordia University - Irvine,cui.edu,CA,,,Higher Education,Banner,Linux 64-bit,,CLEAN_Address - USPS,Linux,,DPV,Data Provider: Melissa
Concordia University - Nebraska,cune.edu,NE,,,Higher Education,Banner,Linux 64-bit,,CLEAN_Address - USPS,Linux,,DPV,Data Provider: Melissa
Concordia University - St Paul,csp.edu,MN,,,Higher Education,Banner,Linux 64-bit,,CLEAN_Address - USPS,Linux,,DPV,Data Provider: Melissa,,NCOA - Prepaid
Concordia University - Texas,concordia.edu,TX,,,Higher Education,Banner,Linux 64-bit,,CLEAN_Address - USPS,Linux,,DPV,Data Provider: Melissa,,NCOA
Concordia University - Wisconsin,cuw.edu,WI,,,Higher Education,Banner,Linux 64-bit,,CLEAN_Address - USPS,Linux,,DPV,Data Provider: Melissa,,NCOA
Connecticut College,conncoll.edu,CT,,,Higher Education,Banner,Linux 64-bit,,CLEAN_Address - USPS,Linux,,DPV,Data Provider: Melissa
Connecticut State Colleges & Universities,ct.edu,CT,,,Higher Education,Banner,Linux 64-bit,,CLEAN_Address - USPS,Linux,,DPV,Data Provider: Melissa
Contra Costa County,ccclib.org,CA,,,Government,PeopleSoft,"Linux 64-bit,Windows 64-bit",,CLEAN_Address - USPS,"Windows, Linux",,DPV,Data Provider: Melissa,,NCOA - Prepaid
Coppin State University,coppin.edu,MD,,,Higher Education,PeopleSoft,Windows 64-bit,,CLEAN_Address - USPS,Windows,,DPV,Data Provider: Melissa
Cornell University,cornell.edu,NY,,,Higher Education,PeopleSoft,Linux 64-bit,Monthly,"CLEAN_Address - USPS,CLEAN_Address - CAN",Linux,Canada - Unix,DPV,Data Provider: Melissa
Corporation for National and Community Service,nationalservice.gov,DC,,,Public Administration,,Windows 64-bit,Quarterly,CLEAN_Address - USPS,Windows,,DPV,Data Provider: Melissa,GeoCoder
County of San Mateo,smcgov.org,CA,,,Government,,Windows 64-bit,,CLEAN_Address - USPS,Windows,,DPV,Data Provider: Melissa
Cuesta College,cuesta.edu,CA,,,Higher Education,Banner,Linux 64-bit,,CLEAN_Address - USPS,Linux,,DPV,Data Provider: Melissa
Curry College,curry.edu,MA,,,Higher Education,Salesforce,,,Salesforce - US & CAN,,,,Data Provider: Melissa
Cuyahoga Community College,tri-c.edu,OH,,,Higher Education,Banner,Windows 64-bit,,CLEAN_Address - USPS,Windows,,DPV,Data Provider: Melissa
Delaware County Community College,dccc.edu,PA,,,Higher Education,Banner,Linux 64-bit,,CLEAN_Address - USPS,Linux,,DPV,Data Provider: Melissa
Delaware Technical Community College,dtcc.edu,DE,,,Higher Education,Banner,Linux 64-bit,,CLEAN_Address - USPS,Linux,,DPV,Data Provider: Melissa,,NCOA - Prepaid
Delta State University,deltastate.edu,MS,,,Higher Education,Banner,Linux 64-bit,,CLEAN_Address - USPS,Linux,,DPV,Data Provider: Melissa,,"NCOA - Prepaid,Phone - Prepaid,Email - Prepaid,MCOA - Prepaid"
Department of Industry Relations,dir.ca.gov,CA,,,Government,Oracle,Linux 64-bit,,CLEAN_Address - USPS,"Solaris, Linux",,DPV,Data Provider: Melissa,AddressDoctor International
DePaul University,depaul.edu,IL,,,Higher Education,"PeopleSoft, Advance","Linux 64-bit,Windows 64-bit",,CLEAN_Address - USPS,"Linux, Windows",,DPV,Data Provider: Melissa,AddressDoctor International
Des Moines Area Community College,dmacc.edu,IA,,,Higher Education,Banner,"Windows 64-bit,Linux 64-bit",,CLEAN_Address - USPS,"Windows, Linux",,DPV,Data Provider: Melissa
Dickinson College,dickinson.edu,PA,,,Higher Education,Banner,Linux 64-bit,,CLEAN_Address - USPS,Linux,,DPV,Data Provider: Melissa
Doane University,doane.edu,NE,,,Higher Education,Colleague,Windows 64-bit,,CLEAN_Address - USPS,Windows,,DPV,Data Provider: Melissa
Drake University,drake.edu,IA,,,Higher Education,Banner,Linux 64-bit,,CLEAN_Address - USPS,Linux,,DPV,Data Provider: Melissa
Drew University,drew.edu,NJ,,,Higher Education,Banner,Linux 64-bit,,CLEAN_Address - USPS,Linux,,DPV,Data Provider: Melissa,CLEAN_Entry
Drexel University,drexel.edu,PA,,,Higher Education,Banner,Linux 64-bit,,CLEAN_Address - USPS,Linux,,DPV,Data Provider: Melissa
DuPage County Information Technology,dupageco.org,IL,,,Public Administration,MicroSoft SQL,Windows 64-bit,,CLEAN_Address - USPS,Windows,,DPV,Data Provider: Melissa,,,,Reference
Durham College,durhamcollege.ca,ON,Canada,,Higher Education,Banner,Linux 64-bit,Monthly,CLEAN_Address - CAN,Linux,Canada - Unix,NO DPV,Data Provider: Melissa
Dyersburg State Community College,dscc.edu,TN,,,Higher Education,Banner,Linux 64-bit,,CLEAN_Address - USPS,Linux,,DPV,Data Provider: Melissa,,NCOA - Prepaid
DZS Inc.,dzsi.com,CA,,,Communications,,Linux 64-bit,,CLEAN_Address - USPS,Linux,,DPV,Data Provider: Melissa,AddressDoctor International
East Carolina University,ecu.edu,NC,,,Higher Education,Banner,Linux 64-bit,,CLEAN_Address - USPS,Linux,,DPV,Data Provider: Melissa
East Stroudsburg University,esu.edu,PA,,,Higher Education,Banner,Linux 64-bit,,CLEAN_Address - USPS,Linux,,DPV,Data Provider: Melissa
East Tennessee State University,etsu.edu,TN,,,Higher Education,Banner,Linux 64-bit,,CLEAN_Address - USPS,Linux,,DPV,Data Provider: Melissa,,NCOA - Prepaid
Eastern Florida State College,easternflorida.edu,FL,,,Higher Education,Banner,Linux 64-bit,,CLEAN_Address - USPS,Linux,,DPV,Data Provider: Melissa
Eastern Illinois University,eiu.edu,IL,,,Higher Education,Banner,Linux 64-bit,,CLEAN_Address - USPS,Linux,,DPV,Data Provider: Melissa,AddressDoctor International
Eastern Michigan University,emich.edu,MI,,,Higher Education,Banner,Linux 64-bit,,CLEAN_Address - USPS,Windows,,DPV,Data Provider: Melissa
Eastern Oregon University,eou.edu,OR,,,Higher Education,Banner,Linux 64-bit,,CLEAN_Address - USPS,Linux,,DPV,Data Provider: Melissa,,NCOA - Prepaid
Eastman Credit Union,ecu.org,WA,Finance,ASCEN,Credit Union,Credit Union,,Monthly,CLEAN_Address - USPS,Windows,,DPV,Data Provider: Melissa
Elizabeth City State University,ecsu.edu,NC,,,Higher Education,Banner,Linux 64-bit,,CLEAN_Address - USPS,Linux,,DPV,Data Provider: Melissa
Ellucian (Consultants),ellucian.com,,,,Software,Banner,"Linux 64-bit,Windows 64-bit",,CLEAN_Address - USPS,,,,Data Provider: Melissa
Emerson College,emerson.edu,MA,,,Higher Education,Banner,Linux 64-bit,,"CLEAN_Address - USPS,CLEAN_Cloud",Linux,,DPV,Data Provider: Melissa,AddressDoctor International
Emory University,emory.edu,GA,,,Higher Education,PeopleSoft,Linux 64-bit,,CLEAN_Address - USPS,Linux,,DPV,Data Provider: Melissa
Emporia State University,emporia.edu,KS,,,Higher Education,Banner,Linux 64-bit,,CLEAN_Address - USPS,Linux,,DPV,Data Provider: Melissa
Entrust,entrust.com,MN,,,Services,E-Business Suite,Linux 64-bit,Monthly,"CLEAN_Address - USPS,CLEAN_Address - CAN",Linux,Canada - Unix,DPV,Data Provider: Melissa
Equifax (Old name...Appriss Insight LLC),equifax.com,GA,,,Software,,Linux 64-bit,"Quarterly,Monthly","CLEAN_Address - USPS,CLEAN_Address - CAN",Linux,Canada - Unix,DPV,Data Provider: Melissa,"Canada GeoCoding,GeoCoder"
Evansville Teachers Federal Credit Union,etfcu.org,WA,Finance,ASCEN,Credit Union,,,Monthly,CLEAN_Address - USPS,Windows,,DPV,Data Provider: Melissa,,NCOA
Fairmont State University,fairmontstate.edu,WV,,,Higher Education,Banner,Linux 64-bit,,CLEAN_Address - USPS,Linux,,DPV,Data Provider: Melissa
Fashion Institute of Technology,fitnyc.edu,NY,,,Higher Education,Banner,Windows 64-bit,,CLEAN_Address - USPS,Windows,,DPV,Data Provider: Melissa
Ferris State University,ferris.edu,MI,,,Higher Education,Banner,Linux 64-bit,,CLEAN_Address - USPS,Linux,,DPV,Data Provider: Melissa
First Tech Federal Credit Union,firsttechfed.com,WA,Finance,ASCEN,Credit Union,Credit Union,,Monthly,CLEAN_Address - USPS,Windows,,DPV,Data Provider: Melissa,,NCOA
Fitchburg State University,fitchburgstate.edu,MA,,,Higher Education,Banner,Linux 64-bit,,CLEAN_Address - USPS,Linux,,DPV,Data Provider: Melissa
Florida Atlantic University,fau.edu,FL,,,Higher Education,Banner,Linux 64-bit,,CLEAN_Address - USPS,Linux,,DPV,Data Provider: Melissa
Florida Gateway College,fgc.edu,FL,,,Higher Education,Banner,Windows 64-bit,,CLEAN_Address - USPS,Windows,,DPV,Data Provider: Melissa
Florida Gulf Coast University,fgcu.edu,FL,,,Higher Education,Banner,Linux 64-bit,,CLEAN_Address - USPS,Linux,,DPV,Data Provider: Melissa
Florida Institute of Technology,fit.edu,FL,,,Higher Education,Banner,Linux 64-bit,,CLEAN_Address - USPS,Linux,,DPV,Data Provider: Melissa
Florida International University,fiu.edu,FL,,,Higher Education,PeopleSoft,Linux 64-bit,,CLEAN_Address - USPS,Linux,,DPV,Data Provider: Melissa
Florida SouthWestern State College,fsw.edu,FL,,,Higher Education,Banner,Linux 64-bit,,CLEAN_Address - USPS,Linux,,DPV,Data Provider: Melissa
Florida State College at Jacksonville,fscj.edu,FL,,,Higher Education,PeopleSoft,Linux 64-bit,,CLEAN_Address - USPS,Linux,,DPV,Data Provider: Melissa
FootHill-De Anza Community College District,fhda.edu,CA,,,Higher Education,Banner,Linux 64-bit,,CLEAN_Address - USPS,Linux,,DPV,Data Provider: Melissa
Fordham University,fordham.edu,NY,,,Higher Education,Banner,Linux 64-bit,,CLEAN_Address - USPS,Linux,,DPV,Data Provider: Melissa
Forsyth Technical Community College,forsythtech.edu,NC,,,Higher Education,Colleague,Linux 64-bit,,CLEAN_Address - USPS,Linux,,DPV,Data Provider: Melissa
Fort Lewis College,fortlewis.edu,CO,,,Higher Education,Banner,Linux 64-bit,,CLEAN_Address - USPS,Linux,,DPV,Data Provider: Melissa
Fort Valley State University,fvsu.edu,GA,,,Higher Education,Banner,Linux 64-bit,,CLEAN_Address - USPS,Linux,,DPV,Data Provider: Melissa,AddressDoctor International,"NCOA - Prepaid,MCOA - Prepaid,Phone - Prepaid,Email - Prepaid"
Fox Valley Technical College,fvtc.edu,WI,,,Higher Education,PeopleSoft,Windows 64-bit,,CLEAN_Address - USPS,Windows,,DPV,Data Provider: Melissa
Framingham State University,framingham.edu,MA,,,Higher Education,Banner,Linux 64-bit,,CLEAN_Address - USPS,Linux,,DPV,Data Provider: Melissa
Franklin & Marshall College,fandm.edu,PA,,,Higher Education,Banner,Linux 64-bit,,CLEAN_Address - USPS,Linux,,DPV,Data Provider: Melissa
Friends University,friends.edu,KS,,,Higher Education,Banner,Linux 64-bit,,CLEAN_Address - USPS,Linux,,DPV,Data Provider: Melissa
Garda World,garda.com,QC,Canada,MDATA,Services,JD Edwards,Windows 64-bit,,CLEAN_Address - USPS,Windows,,DPV,Data Provider: Melissa
Gates Corporation,gates.com,CO,,,Manufacturing,E-Business Suite,Linux 64-bit,,CLEAN_Address - USPS,Linux,,DPV,Data Provider: Melissa
Generation Brands,generation-brands.com,IL,,,Electric & Gas,JD Edwards,Windows 64-bit,Monthly,"CLEAN_Address - USPS,CLEAN_Address - CAN",Windows,Canada - Win,DPV,Data Provider: Melissa,RBDI
Genesee Community College,genesee.edu,NY,,,Higher Education,Banner,Linux 64-bit,,CLEAN_Address - USPS,Linux,,DPV,Data Provider: Melissa
George Brown College,georgebrown.ca,ON,Canada,,Higher Education,Banner,Linux 64-bit,Monthly,"CLEAN_Address - USPS,CLEAN_Address - CAN",Linux,Canada - Unix,NO DPV,Data Provider: Melissa,RBDI,"NCOA - Prepaid,Phone - Prepaid,Email - Prepaid,CCOA - Prepaid"
George Mason University,gmu.edu,VA,,,Higher Education,Banner,Linux 64-bit,,CLEAN_Address - USPS,,,,Data Provider: Melissa
George Washington University,gwmenslax.com,VA,,,Higher Education,Banner,Linux 64-bit,,CLEAN_Address - USPS,Linux,,DPV,Data Provider: Melissa
Georgia Department of Corrections,gdc.ga.gov ,GA,,,Public Administration,,Linux 64-bit,,CLEAN_Address - USPS,"Windows, Linux",,DPV,Data Provider: Melissa
Georgia Gwinnett College,ggc.edu,GA,,,Higher Education,Banner,Linux 64-bit,,CLEAN_Address - USPS,Linux,,DPV,Data Provider: Melissa
Georgia Highlands College,highlands.edu,GA,,,Higher Education,Banner,Linux 64-bit,,CLEAN_Address - USPS,Linux,,DPV,Data Provider: Melissa
Georgia Southern University,georgiasouthern.edu,GA,,,Higher Education,Banner,Linux 64-bit,,CLEAN_Address - USPS,Linux,,DPV,Data Provider: Melissa
Georgia Student Finance Commission,gsfc.org,GA,,,Finance & Banking,,,,DES,,,,,,"CLEAN_File Append,NCOA - Prepaid"
Gesa Credit Union,gesa.com,WA,Finance,ASCEN,Credit Union,Credit Union,Windows 64-bit,Monthly,CLEAN_Address - USPS,Windows,,DPV,Data Provider: Melissa
Gift Services,giftservices.com,WA,,,Retail Trade,,Linux 64-bit,"Quarterly,Monthly","CLEAN_Address - USPS,CLEAN_Address - CAN",Linux,Canada - Unix,DPV,Data Provider: Melissa,"GeoCoder,Canada GeoCoding"
Gonzaga University,gonzaga.edu,WA,,,Higher Education,Banner,Linux 64-bit,,CLEAN_Address - USPS,Linux,,DPV,Data Provider: Melissa
Gordon State College,gordonstate.edu,GA,,,Higher Education,Banner,Linux 64-bit,,CLEAN_Address - USPS,Linux,,DPV,Data Provider: Melissa
Government of Yukon,gov.yk.ca,YT,Canada,,Government,,,,Orbit
Governors State University,govst.edu,IL,,,Higher Education,,,,DES,,,,Data Provider: Melissa,,"EDQ Connect DES - PCOA Prepaid,EDQ Connect DES - Email Prepaid"
Grand Valley State University,gvsu.edu,MI,,,Higher Education,Banner,Linux 64-bit,,CLEAN_Address - USPS,Linux,,DPV,Data Provider: Melissa,AddressDoctor International,NCOA - Prepaid
Granite State College,granite.edu,NH,,,Higher Education,Banner,"Linux 64-bit,Windows 64-bit",,CLEAN_Address - USPS,"Linux, Windows",,DPV,Data Provider: Melissa
Greenville Technical College,gvltec.edu,SC,,,Higher Education,Colleague,,,CLEAN_Address - USPS,Solaris,,DPV,Data Provider: Melissa
Gulf Coast State College,gulfcoast.edu,FL,,,Higher Education,Banner,Linux 64-bit,,CLEAN_Address - USPS,Linux,,DPV,Data Provider: Melissa,CLEAN_Entry
Hampshire College,hampshire.edu,MA,,,Higher Education,Colleague,Linux 64-bit,,CLEAN_Address - USPS,Linux,,DPV,Data Provider: Melissa,AddressDoctor International
Harding University,harding.edu,AR,,,Higher Education,Banner,Linux 64-bit,,CLEAN_Address - USPS,Linux,,DPV,Data Provider: Melissa
Harford Community College,harford.edu,MD,,,Higher Education,Banner,Linux 64-bit,,CLEAN_Address - USPS,Linux,,DPV,Data Provider: Melissa
Harper College,harpercollege.edu,IL,,,Higher Education,Banner,Linux 64-bit,,CLEAN_Address - USPS,Linux,,DPV,Data Provider: Melissa,AddressDoctor International,NCOA - Prepaid
Harrisburg Area Community College,hacc.edu,PA,,,Higher Education,Banner,Linux 64-bit,,CLEAN_Address - USPS,Linux,,DPV,Data Provider: Melissa,,NCOA - Prepaid
Hawaii Pacific University,hpu.edu,HI,,,Higher Education,"Banner, Salesforce",Linux 64-bit,,"CLEAN_Address - USPS,Salesforce - US & CAN",Linux,,DPV,Data Provider: Melissa,"Melissa Global,Salesforce US/CAN Transacations",NCOA - Prepaid
Heartland Community College,heartland.edu,IL,,,Higher Education,PeopleSoft,,,CLEAN_Address - USPS,Windows,,DPV,Data Provider: Melissa
Hiram College,hiram.edu,OH,,,Higher Education,Banner,Linux 64-bit,,CLEAN_Address - USPS,Linux,,DPV,Data Provider: Melissa,AddressDoctor International,NCOA - Prepaid
Hudson Valley Community College,hvcc.edu,NY,,,Higher Education,Banner,Linux 64-bit,,CLEAN_Address - USPS,Linux,,DPV,Data Provider: Melissa
Humber College,humber.ca,ON,Canada,,Higher Education,Banner,Linux 64-bit,Monthly,"CLEAN_Address - USPS,CLEAN_Address - CAN",Linux,Canada - Unix,NO DPV,Data Provider: Melissa,AddressDoctor International
Idaho State University,isu.edu,ID,,,Higher Education,Banner,Linux 64-bit,,CLEAN_Address - USPS,Linux,,DPV,Data Provider: Melissa,Mailers+4
Illinois Central College,icc.edu,IL,,,Higher Education,PeopleSoft,Linux 64-bit,,CLEAN_Address - USPS,Linux,,DPV,Data Provider: Melissa
Illinois Institute of Technology,iit.edu,IL,,,Higher Education,Banner,Linux 64-bit,,CLEAN_Address - USPS,Linux,,DPV,Data Provider: Melissa,AddressDoctor International
Illinois State University,illinoisstate.edu,IL,,,Higher Education,PeopleSoft,Linux 64-bit,,CLEAN_Address - USPS,Linux,,DPV,Data Provider: Melissa,GeoPoints
Impact Investments,,FL,,,Finance & Banking,,,,,,,,Data Provider: Melissa,,Demographic Data Append - Prepaid
Indian Hills Community College,indianhills.edu,IA,,,Higher Education,Colleague,Windows 64-bit,,CLEAN_Address - USPS,Windows,,DPV,Data Provider: Melissa,AddressDoctor International,NCOA - Prepaid
Indiana State University,indstate.edu,IN,,,Higher Education,Banner,Windows 64-bit,,CLEAN_Address - USPS,Windows,,DPV,Data Provider: Melissa
Indiana University,iu.edu,IN,,,Higher Education,PeopleSoft,Linux 64-bit,,CLEAN_Address - USPS,Linux,,DPV,Data Provider: Melissa,"AddressDoctor International,CLEAN_Entry"
Industrial Scientific,indsci.com,PA,,,Manufacturing,"E-Business Suite, EDI, iStore, Salesforce",Linux 64-bit,,"CLEAN_Address - USPS,Salesforce - US & CAN",Linux,,DPV,Data Provider: Melissa,"AddressDoctor International,Salesforce International Transactions,Salesforce US/CAN Transacations"
Intrado Life & Safety, Inc.,intrado.com,CO,,,Communications,,Linux 64-bit,,CLEAN_Address - USPS,Linux,,DPV,Data Provider: Melissa
Ivy Tech Community College,ivytech.edu,IN,,,Higher Education,Banner,Linux 64-bit,,CLEAN_Address - USPS,Linux,,DPV,Data Provider: Melissa
Jackson State Community College,jscc.edu,TN,,,Higher Education,Banner,Linux 64-bit,,CLEAN_Address - USPS,Linux,,DPV,Data Provider: Melissa,,NCOA - Prepaid
Jackson State University,jsums.edu,MS,,,Higher Education,,,,DES,,,,,,"CLEAN_File Append,NCOA - Prepaid,Phone - Prepaid,Email - Prepaid,Deceased - Prepaid"
Jacksonville State University,jsu.edu,AL,,,Higher Education,Banner,Windows 64-bit,,CLEAN_Address - USPS,Windows,,DPV,Data Provider: Melissa,CLEAN_Entry
Jamestown Community College,sunyjcc.edu,NY,,,Higher Education,Banner,Windows 64-bit,,CLEAN_Address - USPS,Windows,,DPV,Data Provider: Melissa
Jefferson Community College,sunyjefferson.edu,NY,,,Higher Education,Banner,Linux 64-bit,,CLEAN_Address - USPS,Linux,,DPV,Data Provider: Melissa
Johns Hopkins University,jhu.edu,MD,,,Higher Education,,Linux 64-bit,"Quarterly,Monthly","CLEAN_Address - USPS,CLEAN_Address - CAN",Linux,Canada - Unix,DPV,Data Provider: Melissa,Demographic,NCOA - Prepaid
Johnson & Wales University,jnj.com,RI,,,Higher Education,Banner,Linux 64-bit,,CLEAN_Address - USPS,Linux,,DPV,Data Provider: Melissa
Johnson County Community College,jccc.edu,KS,,,Higher Education,Banner,Linux 64-bit,,CLEAN_Address - USPS,Linux,,DPV,Data Provider: Melissa,,"NCOA - Prepaid,MCOA - Prepaid"
Johnston Community College,johnstoncc.edu,NC,,,Higher Education,Colleague,Linux 64-bit,,CLEAN_Address - USPS,Linux,,DPV,Data Provider: Melissa,,NCOA - Prepaid
Juniata College,juniata.edu,PA,,,Higher Education,Colleague,,,CLEAN_Address - USPS,Linux,,DPV,Data Provider: Melissa,AddressDoctor International,NCOA - Prepaid
K&L Gates,kayak.com,PA,,,Services,PeopleSoft,,,CLEAN_Address - USPS,Windows,,DPV,Data Provider: Melissa
Kansas University Endowment,kuendowment.org,KS,,,Higher Education,Advance,Windows 64-bit,,CLEAN_Address - USPS,Windows,,DPV,Data Provider: Melissa
KCERA,kcera.org ,CA,,,Government,,,,CLEAN_Address - USPS,Windows,,DPV,Data Provider: Melissa
Keene State College,keene.edu,NH,,,Higher Education,Colleague,"Linux 64-bit,Windows 64-bit",,CLEAN_Address - USPS,"Linux, Windows",,DPV,Data Provider: Melissa
Kennesaw State University,kennesaw.edu,GA,,,Higher Education,Banner,Linux 64-bit,,CLEAN_Address - USPS,Linux,,DPV,Data Provider: Melissa
Kentucky State University,kysu.edu,KY,,,Higher Education,Banner,Linux 64-bit,,CLEAN_Address - USPS,Linux,,DPV,Data Provider: Melissa,,NCOA - Prepaid
Kettering University,kettering.edu,MI,,,Higher Education,Banner,Linux 64-bit,,CLEAN_Address - USPS,Linux,,DPV,Data Provider: Melissa
Kutztown University,kutztown.edu,PA,,,Higher Education,PeopleSoft,Windows 64-bit,,CLEAN_Address - USPS,Windows,,DPV,Data Provider: Melissa
Kwantlen Polytechnic University,kpu.ca,BC,Canada,,Higher Education,Banner,Windows 64-bit,Monthly,CLEAN_Address - CAN,Windows,Canada - Win,NO DPV,Data Provider: Melissa
LA Care Health Plan,lacare.org,CA,,MDATA,Healthcare,Oracle,Windows 64-bit,,CLEAN_Address - USPS,Windows,,DPV,Data Provider: Melissa,"COM License Key from Melissa,SuiteFinder"
La Salle University,lasalle.edu,PA,Higher Education,Banner,Linux 64-bit,,CLEAN_Address - USPS,Linux,,DPV,Data Provider: Melissa
Lake Michigan College,lakemichigancollege.edu,MI,,,Higher Education,Banner,Linux 64-bit,,CLEAN_Address - USPS,Linux,,DPV,Data Provider: Melissa
Lake Sumter State College,lssc.edu,FL,Higher Education,Banner,Windows 64-bit,,CLEAN_Address - USPS,Windows,,DPV,Data Provider: Melissa
Lake Trust Credit Union,laketrust.org,WA,Finance,ASCEN,Credit Union,Credit Union,,Monthly,CLEAN_Address - USPS,Windows,,DPV,Data Provider: Melissa
Lakeshore Technical College,gotoltc.edu,WI,,,Higher Education,PeopleSoft,Windows 64-bit,,CLEAN_Address - USPS,Windows,,DPV,Data Provider: Melissa,"RBDI,Demographic",NCOA - Prepaid,,"Shared PeopleSoft Instance with Lakeshore Technical College, Mid-State Technical College, Wisconsin Indianhead Technical College....at Central Data Center at Lakeshore Technical College.  "
Lamar University,lamar.edu,TX,Higher Education,Banner,Linux 64-bit,,CLEAN_Address - USPS,Linux,,DPV,Data Provider: Melissa,AddressDoctor International,"NCOA - Prepaid,MCOA - Prepaid,Email - Prepaid,Phone - Prepaid"
Lane Community College,lanecc.edu,OR,,,Higher Education,Banner,Linux 64-bit,,CLEAN_Address - USPS,"Linux, Windows",,DPV,Data Provider: Melissa
Lansing Community College,lcc.edu,MI,,,Higher Education,Banner,Linux 64-bit,Monthly,CLEAN_Address - USPS,Linux,,DPV,Data Provider: Melissa
Lehigh Carbon Community College,lccc.edu,PA,,,Higher Education,Banner,Linux 64-bit,,CLEAN_Address - USPS,Linux,,DPV,Data Provider: Melissa,,NCOA
Lehigh University,lehigh.edu,PA,,,Higher Education,Banner,Linux 64-bit,Monthly,"CLEAN_Address - USPS,CLEAN_Address - CAN",Linux,Canada - Unix,DPV,Data Provider: Melissa,,NCOA - Prepaid,,Reference
Lewis University,lewisu.edu,IL,,,Higher Education,Banner,Windows 64-bit,,CLEAN_Address - USPS,Windows,,DPV,Data Provider: Melissa
Liberty University,liberty.edu,VA,,,Higher Education,Banner,Linux 64-bit,,CLEAN_Address - USPS,Linux,,DPV,Data Provider: Melissa
LifeSouth,lifesouth.org,FL,,,Healthcare,,Windows 64-bit,,CLEAN_Address - USPS,Windows,,DPV,Data Provider: Melissa
Linn-Benton Community College,linnbenton.edu,OR,,,Higher Education,Banner,Linux 64-bit,,CLEAN_Address - USPS,Linux,,DPV,Data Provider: Melissa
Lock Haven University,lockhaven.edu,PA,,,Higher Education,Banner,,,CLEAN_Address - USPS,Windows,,DPV,Data Provider: Melissa,CLEAN_Entry,,,"Bloomsburg U, Lock Haven U, Mansfield U are collectively under Commonwealth, but are to be treated as individual licenses."
Loma Linda University,llu.edu,CA,,,Higher Education,Banner,Linux 64-bit,,CLEAN_Address - USPS,"Windows, Linux",,DPV,Data Provider: Melissa,AddressDoctor International
Los Angeles County Probation Department,probation.lacounty.gov,CA,,,Public Administration,,,,CLEAN_Address - USPS,AIX,,DPV,Data Provider: Melissa
Louisiana Community & Technical College System,lctcs.edu,LA,,,Higher Education,Banner,Linux 64-bit,,CLEAN_Address - USPS,Linux,,DPV,Data Provider: Melissa
Loyola Marymount University,lmu.edu,CA,,,Higher Education,"Banner, Advance",Windows 64-bit,,CLEAN_Address - USPS,Windows,,DPV,Data Provider: Melissa
Loyola University Chicago,luc.edu,IL,,,Higher Education,PeopleSoft,Windows 64-bit,"Monthly,Quarterly",CLEAN_Address - USPS,Windows,,DPV,Data Provider: Melissa,GeoCoder
LSU Health Sciences Center,lsuhsc.edu,LA,,,Higher Education,PeopleSoft,Windows 64-bit,,CLEAN_Address - USPS,Windows,,DPV,Data Provider: Melissa
Macalester College,macalester.edu,MN,,,Higher Education,Banner,Linux 64-bit,,CLEAN_Address - USPS,Linux,,DPV,Data Provider: Melissa,,,,Reference
Madison Area Technical College,matcmadison.edu,WI,,,Higher Education,PeopleSoft,Windows 64-bit,,CLEAN_Address - USPS,Windows,,DPV,Data Provider: Melissa,,NCOA - Prepaid
Manhattan College,manhattan.edu,NY,,,Higher Education,Banner,Linux 64-bit,,CLEAN_Address - USPS,Linux,,DPV,Data Provider: Melissa,,"NCOA - Prepaid,Phone - Prepaid,Email - Prepaid"
Mansfield University,mansfield.edu,PA,,,Higher Education,Banner,,,CLEAN_Address - USPS,Windows,,DPV,Data Provider: Melissa,CLEAN_Entry,,,"Bloomsburg U, Lock Haven U, Mansfield U are collectively under Commonwealth, but are to be treated as individual licenses."
Marist College,marist.edu,NY,,,Higher Education,Banner,Linux 64-bit,,CLEAN_Address - USPS,Linux,,DPV,Data Provider: Melissa
Marshall University Foundation,marshall.edu,WV,,,Higher Education,Banner,Linux 64-bit,Quarterly,CLEAN_Address - USPS,Linux,,DPV,Data Provider: Melissa,"Demographic,RBDI,AddressDoctor International"
Maryland Institute College of Art,mica.edu,MD,,,Higher Education,PeopleSoft,Windows 64-bit,,CLEAN_Address - USPS,Windows,,DPV,Data Provider: Melissa
Massachusetts College of Liberal Arts,mcla.edu,MA,,,Higher Education,"Banner, PeopleSoft",Linux 64-bit,,CLEAN_Address - USPS,Linux,,DPV,Data Provider: Melissa
Massasoit Community College,massasoit.edu,MA,,,Higher Education,Banner,Linux 64-bit,,CLEAN_Address - USPS,Linux,,DPV,Data Provider: Melissa
Maximus - CA,maximuscards.com,CA,,,Services,,Windows 64-bit,,CLEAN_Address - USPS,Windows,,DPV,Data Provider: Melissa
McKesson Corporation #1,mckessoncorporation.com,AZ,,MDATA,Healthcare,,,,CLEAN_Address - USPS,Solaris,,DPV,Data Provider: Melissa
McKesson Medical-Surgical,McKesson.com,VA,,,Healthcare,PeopleSoft,Linux 64-bit,,CLEAN_Address - USPS,Linux,,DPV,Data Provider: Melissa,RBDI
McKinsey & Company,mckinsey.com,NY,,,Services,,Windows 64-bit,,CLEAN_Address - USPS,Windows,,DPV,Data Provider: Melissa
Medical College of Wisconsin,mcw.edu,WI,,,Higher Education,Banner,,,CLEAN_Address - USPS,Linux,,DPV,Data Provider: Melissa
Members Cooperative Credit Union,membersccu.org,MN,Finance,ASCEN,Credit Union,Credit Union,Windows 64-bit,Monthly,CLEAN_Address - USPS,Windows,,DPV,Data Provider: Melissa,GeoCoder
Merced College,mccd.edu,CA,,,Higher Education,Colleague,Windows 64-bit,,CLEAN_Address - USPS,Windows,,DPV,Data Provider: Melissa
Mercy College,mercy.edu,NY,,,Higher Education,Banner,Linux 64-bit,,CLEAN_Address - USPS,Linux,,DPV,Data Provider: Melissa,AddressDoctor International
Meridian Community College,meridiancc.edu,MS,,,Higher Education,Banner,Linux 64-bit,,CLEAN_Address - USPS,Linux,,DPV,Data Provider: Melissa,AddressDoctor International,NCOA - Prepaid
Meritrust Credit Union,meritrustcu.org,WA,Finance,ASCEN,Credit Union,Credit Union,,Monthly,CLEAN_Address - USPS,Windows,,DPV,Data Provider: Melissa
Miami Dade College,mdc.edu,FL,,,Higher Education,PeopleSoft,"Windows 64-bit,Linux 64-bit",,CLEAN_Address - USPS,"Linux, Windows",,DPV,Data Provider: Melissa,AddressDoctor International
Miami University Ohio,miamioh.edu,OH,,,Higher Education,Banner,Linux 64-bit,,CLEAN_Address - USPS,Linux,,DPV,Data Provider: Melissa
Mid-State Technical College,mstc.edu,WI,,,Higher Education,PeopleSoft,,,CLEAN_Address - USPS,Windows,,DPV,Data Provider: Melissa,"RBDI,Demographic",NCOA - Prepaid,,"Shared PeopleSoft Instance with Lakeshore Technical College, Mid-State Technical College, Wisconsin Indianhead Technical College....at Central Data Center at Lakeshore Technical College.  "
Middle Tennessee State University,mtsu.edu,TN,,,Higher Education,Banner,Linux 64-bit,,CLEAN_Address - USPS,Linux,,DPV,Data Provider: Melissa,,NCOA - Prepaid
Midway University,midway.edu,KY,,,Higher Education,Colleague,,,DES,,,,,,NCOA
Midwestern State University,mwsu.edu,TX,,,Higher Education,Banner,Linux 64-bit,,CLEAN_Address - USPS,Linux,,DPV,Data Provider: Melissa
Milgard Manufacturing,milgard.com,WA,,,Manufacturing,E-Business Suite,Linux 64-bit,"Quarterly,Monthly","CLEAN_Address - USPS,CLEAN_Address - CAN",Linux,Canada - Unix,DPV,Data Provider: Melissa,GeoCoder
Millikin University,millikin.edu,IL,,,Higher Education,Banner,Linux 64-bit,,CLEAN_Address - USPS,Linux,,DPV,Data Provider: Melissa
Mississippi College,mc.edu,MS,,,Higher Education,Banner,Linux 64-bit,,CLEAN_Address - USPS,Linux,,DPV,Data Provider: Melissa,AddressDoctor International,NCOA
Mississippi Gulf Coast Community College,mgccc.edu,MS,,,Higher Education,Banner,Linux 64-bit,,CLEAN_Address - USPS,Linux,,DPV,Data Provider: Melissa
Mississippi State University Foundation,advservices.msstate.edu,MS,,,Higher Education,Banner,Linux 64-bit,,CLEAN_Address - USPS,Linux,,DPV,Data Provider: Melissa
Missouri Southern State University,mssu.edu,MO,,,Higher Education,Banner,Windows 64-bit,,CLEAN_Address - USPS,Windows,,DPV,Data Provider: Melissa
Missouri State University,missouristate.edu,MO,,,Higher Education,Banner,Linux 64-bit,,CLEAN_Address - USPS,Linux,,DPV,Data Provider: Melissa
Montana State University - Bozeman,montana.edu,MT,,,Higher Education,Banner,Linux 64-bit,,CLEAN_Address - USPS,Linux,,DPV,Data Provider: Melissa
Montclair State University,montclair.edu,NJ,,,Higher Education,Banner,Linux 64-bit,,CLEAN_Address - USPS,Linux,,DPV,Data Provider: Melissa
Moody Bible Institute,moody.edu,IL,,,Higher Education,PeopleSoft,Linux 64-bit,,CLEAN_Address - USPS,Linux,,DPV,Data Provider: Melissa
Moraine Park Technical College,morainepark.edu,WI,,,Higher Education,Banner,Linux 64-bit,,CLEAN_Address - USPS,Linux,,DPV,Data Provider: Melissa
Motlow State Community College,mscc.edu,TN,,,Higher Education,Banner,Linux 64-bit,,CLEAN_Address - USPS,Linux,,DPV,Data Provider: Melissa,,NCOA - Prepaid
Mount Royal University,mtroyal.ca,AB,Canada,,Higher Education,Banner,Linux 64-bit,Monthly,CLEAN_Address - CAN,Linux,Canada - Unix,NO DPV,Data Provider: Melissa
Mount Wachusett Community College,mwcc.edu,MA,,,Higher Education,Banner,Linux 64-bit,,CLEAN_Address - USPS,Linux,,DPV,Data Provider: Melissa
Mt San Antonio College,MtSAC.edu,CA,,,Higher Education,Banner,,,CLEAN_Address - USPS,AIX,,DPV,Data Provider: Melissa
Nashville State Community College,nscc.edu,TN,,,Higher Education,Banner,Linux 64-bit,,CLEAN_Address - USPS,Linux,,DPV,Data Provider: Melissa,,"NCOA - Prepaid,MCOA - Prepaid,Phone - Prepaid,Email - Prepaid"
Nassau Community College,ncc.edu,NY,,,Higher Education,Banner,Linux 64-bit,,CLEAN_Address - USPS,Linux,,DPV,Data Provider: Melissa,AddressDoctor International
National Education Association (NEA),nea.org,DC,,,Higher Education,"Banner, Salesforce",Windows 64-bit,,"CLEAN_Address - USPS,Salesforce - US & CAN",Windows,,DPV,Data Provider: Melissa,Salesforce US/CAN Transacations
National-Louis University,nl.edu,IL,,,Higher Education,Banner,Linux 64-bit,,CLEAN_Address - USPS,Linux,,DPV,Data Provider: Melissa
Nazareth College,naz.edu,NY,,,Higher Education,Colleague,Windows 64-bit,,CLEAN_Address - USPS,Windows,,DPV,Data Provider: Melissa,,NCOA
NCCI Holdings, Inc.,ncci.com,FL,Workers'Compensation Insurance,,Finance & Banking,,Linux 64-bit,"Quarterly,Monthly","CLEAN_Address - USPS,CLEAN_Address - CAN",Linux,Canada - Unix,DPV,Data Provider: Melissa,Demographic
New Jersey City University ,njcu.edu,NJ,,,Higher Education,PeopleSoft,Windows 64-bit,Monthly,"DES,CLEAN_Address - USPS,CLEAN_Address - CAN",Windows,Canada - Win,DPV,Data Provider: Melissa,,NCOA - Prepaid
New Jersey Institute of Technology,njit.edu,NJ,,,Higher Education,Banner,Linux 64-bit,,CLEAN_Address - USPS,Linux,,DPV,Data Provider: Melissa,AddressDoctor International
New Jersey State Parole Board,spb.nj.gov,NJ,,,Public Administration,,Windows 64-bit,Quarterly,CLEAN_Address - USPS,Windows,,DPV,Data Provider: Melissa,"GeoCoder,GeoPoints"
New Mexico Tech,nmt.edu,NM,,,Higher Education,Banner,Linux 64-bit,,CLEAN_Address - USPS,Linux,,DPV,Data Provider: Melissa,AddressDoctor International
New York Institute of Technology,nyit.edu,NY,,,Higher Education,PeopleSoft,Linux 64-bit,,CLEAN_Address - USPS,Linux,,DPV,Data Provider: Melissa
Niagara County Community College,niagaracc.suny.edu,NY,,,Higher Education,Banner,Linux 64-bit,,CLEAN_Address - USPS,Linux,,DPV,Data Provider: Melissa
North Carolina A&T State University,ncat.edu,NC,,,Higher Education,"PeopleSoft, Banner",Linux 64-bit,,CLEAN_Address - USPS,Linux,,DPV,Data Provider: Melissa
North Carolina Central University,nccu.edu,NC,,,Higher Education,Banner,Linux 64-bit,,CLEAN_Address - USPS,Linux,,DPV,Data Provider: Melissa,,NCOA - Prepaid
North Idaho College,NIC.EDU,ID,,,Higher Education,Colleague,,,CLEAN_Address - USPS,AIX,,DPV,Data Provider: Melissa
North Orange County Community College District,nocccd.edu,CA,,,Higher Education,Banner,Linux 64-bit,,CLEAN_Address - USPS,Linux,,DPV,Data Provider: Melissa
North Shore Community College,northshore.edu,MA,,,Higher Education,Banner,"Windows 64-bit,Linux 64-bit",,CLEAN_Address - USPS,"Windows, Linux",,DPV,Data Provider: Melissa,,NCOA
Northeast Community College,northeast.edu,NE,,,Higher Education,Banner,Linux 64-bit,,CLEAN_Address - USPS,Linux,,DPV,Data Provider: Melissa,AddressDoctor International,NCOA - Prepaid
Northeast Mississippi Community College,nemcc.edu,MS,,,Higher Education,Banner,Linux 64-bit,,CLEAN_Address - USPS,Linux,,DPV,Data Provider: Melissa,,NCOA - Prepaid
Northeast State Technical Community College,northeaststate.edu,TN,,,Higher Education,Banner,Linux 64-bit,,CLEAN_Address - USPS,Linux,,DPV,Data Provider: Melissa,,NCOA
Northeastern Illinois University,neiu.edu,IL,,,Higher Education,Banner,Linux 64-bit,,CLEAN_Address - USPS,Linux,,DPV,Data Provider: Melissa
Northeastern State University,nsuok.edu,OK,,,Higher Education,Banner,Linux 64-bit,,CLEAN_Address - USPS,Linux,,DPV,Data Provider: Melissa
Northern Essex Community College,necc.mass.edu,MA,,,Higher Education,Banner,Linux 64-bit,,CLEAN_Address - USPS,Linux,,DPV,Data Provider: Melissa,AddressDoctor International
Northwest Florida State College,nwfsc.edu,FL,,,Higher Education,Banner,Linux 64-bit,,CLEAN_Address - USPS,Linux,,DPV,Data Provider: Melissa
Northwestern Michigan College,nmc.edu,MI,,,Higher Education,Banner,Linux 64-bit,,CLEAN_Address - USPS,Linux,,DPV,Data Provider: Melissa
Northwestern University,northwestern.edu,IL,,,Higher Education,"PeopleSoft, Advance",Linux 64-bit,Monthly,"CLEAN_Address - USPS,CLEAN_Address - CAN",Linux,Canada - Unix,DPV,Data Provider: Melissa,"AddressDoctor International,CLEAN_Entry","NCOA - Prepaid,MCOA - Prepaid"
Northwood Technical College,witc.edu,WI,,,Higher Education,"PeopleSoft, Salesforce",Windows 64-bit,,"CLEAN_Address - USPS,Salesforce - US & CAN",Windows,,DPV,Data Provider: Melissa,"RBDI,Demographic,Salesforce US/CAN Transacations",NCOA - Prepaid,,"Wisconsin Indianhead Technical College name change effective Aug 2, 2021
Norwich University,norwich.edu,VT,,,Higher Education,Banner,Linux 64-bit,,CLEAN_Address - USPS,Linux,,DPV,Data Provider: Melissa
Nova Southeastern University,NOVA.edu,FL,,,Higher Education,Banner,Linux 64-bit,,CLEAN_Address - USPS,Linux,,DPV,Data Provider: Melissa
NY Metropolitan Transportation Authority,mtabsc.org,NY,,,"Transportation, Sanitary Service",PeopleSoft,Linux 64-bit,Monthly,CLEAN_Address - USPS,Linux,,DPV,Data Provider: Melissa,CLEAN_Entry,NCOA - Prepaid
Oakland University,oakland.edu,MI,,,Higher Education,Banner,Linux 64-bit,,CLEAN_Address - USPS,Linux,,DPV,Data Provider: Melissa
Oakton Community College,oakton.edu,IL,,,Higher Education,Banner,Linux 64-bit,,CLEAN_Address - USPS,Linux,,DPV,Data Provider: Melissa
Ogeechee Technical College,ogeecheetech.edu,GA,,,Higher Education,Banner,Linux 64-bit,,CLEAN_Address - USPS,Linux,,DPV,Data Provider: Melissa,,NCOA - Prepaid
Ohio Northern University,onu.edu,OH,,,Higher Education,Banner,Linux 64-bit,,CLEAN_Address - USPS,Linux,,DPV,Data Provider: Melissa,,NCOA
Oklahoma City University,okcu.edu,OK,,,Higher Education,Banner,,,CLEAN_Address - USPS,Linux,,DPV,Data Provider: Melissa
Oklahoma State University,okstate.edu,OK,,,Higher Education,Banner,Linux 64-bit,,CLEAN_Address - USPS,Linux,,DPV,Data Provider: Melissa,AddressDoctor International
OneAZ Credit Union,oneazcu.com,AZ,Finance,ASCEN,Credit Union,Credit Union,Windows 64-bit,Monthly,CLEAN_Address - USPS,Windows,,DPV,Data Provider: Melissa
Oral Roberts University,oru.edu,OK,,,Higher Education,Banner,Linux 64-bit,,CLEAN_Address - USPS,Linux,,DPV,Data Provider: Melissa,"CLEAN_Entry,AddressDoctor International"
Oregon State University,oregonstate.edu,OR,,,Higher Education,Banner,Linux 64-bit,,CLEAN_Address - USPS,Linux,,DPV,Data Provider: Melissa
Orlando Health,orlandohealth.com,FL,,,Healthcare,PeopleSoft,Windows 64-bit,,CLEAN_Address - USPS,Windows,,DPV,Data Provider: Melissa,,NCOA - Prepaid
Owens Community College,owens.edu,OH,,,Higher Education,Banner,Linux 64-bit,,CLEAN_Address - USPS,Linux,,DPV,Data Provider: Melissa
Pace University,pace.edu,NY,,,Higher Education,Banner,Windows 64-bit,,CLEAN_Address - USPS,Windows,,DPV,Data Provider: Melissa,AddressDoctor International,NCOA - Prepaid
Pacific Lutheran University,plu.edu,WA,,,Higher Education,Banner,Windows 64-bit,,CLEAN_Address - USPS,Windows,,DPV,Data Provider: Melissa,,NCOA - Prepaid
Pasadena City College,pasadena.edu,CA,,,Higher Education,Banner,Linux 64-bit,,CLEAN_Address - USPS,Linux,,DPV,Data Provider: Melissa
Pearl River Community College,prcc.edu,MS,,,Higher Education,Banner,Linux 64-bit,,CLEAN_Address - USPS,Linux,,DPV,Data Provider: Melissa,,"NCOA - Prepaid,MCOA - Prepaid,Phone - Prepaid,Email - Prepaid"
Pellissippi State Community College,pstcc.edu,TN,,,Higher Education,Banner,Linux 64-bit,,CLEAN_Address - USPS,Linux,,DPV,Data Provider: Melissa,,NCOA - Prepaid
Pennsylvania State System of Higher Education (PASSHE),passhe.edu,PA,Higher Education,Banner,Linux 64-bit,,CLEAN_Address - USPS,Linux,,DPV,Data Provider: Melissa
Pennsylvania Western University of Pennsylvania,pennwest.edu,PA,Higher Education,Banner,Linux 64-bit,,CLEAN_Address - USPS,Linux,,DPV,Data Provider: Melissa,,,,"July 2022:  Merger into PennWest:  3 Institutions Covered: California University of Pennsylvania
Pennsylvania Western University - Clarion,pennwest.edu,PA,Higher Education, Banner
Pennsylvania Western University - Edinboro, pennwest.edu,PA,Higher Education, Banner
Philadelphia College of Osteopathic Medicine,pcom.edu,PA,,,Higher Education,Banner,Linux 64-bit,,CLEAN_Address - USPS,Linux,,DPV,Data Provider: Melissa
Piedmont Technical College,ptc.edu,SC,,,Higher Education,Banner,Windows 64-bit,,CLEAN_Address - USPS,Windows,,DPV,Data Provider: Melissa
Pima Community College,pima.edu,AZ,,,Higher Education,Banner,Linux 64-bit,,CLEAN_Address - USPS,Linux,,DPV,Data Provider: Melissa
Pluris,pluristem.com,MA,,MDATA,Services,,Linux 64-bit,"Monthly,Quarterly",CLEAN_Address - USPS,Linux,,DPV,Data Provider: Melissa,"GeoData,RBDI"
Plymouth State University,plymouth.edu,NH,,,Higher Education,Banner,Linux 64-bit,,CLEAN_Address - USPS,Linux,,DPV,Data Provider: Melissa
Prairie View A&M University,pvamu.edu,TX,,,Higher Education,Banner,Windows 64-bit,Monthly,CLEAN_Address - USPS,Windows,,DPV,Data Provider: Melissa
Presbyterian College,presby.edu,SC,,,Higher Education,Banner,Linux 64-bit,,CLEAN_Address - USPS,Linux,,DPV,Data Provider: Melissa
Prince George's Community College,pgcc.edu,MD,,,Higher Education,Colleague,Windows 64-bit,,CLEAN_Address - USPS,Windows,,DPV,Data Provider: Melissa,,"NCOA - Prepaid,Phone - Prepaid,Email - Prepaid"
Princeton University,princeton.edu,NJ,,,Higher Education,PeopleSoft,Linux 64-bit,Monthly,"CLEAN_Address - USPS,CLEAN_Address - CAN",Linux,Canada - Unix,DPV,Data Provider: Melissa,AddressDoctor International
PRO Unlimited,prounlimited.com,CA,,,Software,PeopleSoft,Linux 64-bit,,CLEAN_Address - USPS,Linux,,DPV,Data Provider: Melissa
Providence College,providencecollegecalicut.com,RI,,,Higher Education,,,,DES,,,,,,NCOA
Public Employees Retirement System of Mississippi (PERS of MS),pers.ms.gov,MS,,,Public Sector,PeopleSoft,Linux 64-bit,,CLEAN_Address - USPS,Linux,,DPV,Data Provider: Melissa
Purchase College - SUNY,purchase.edu,NY,,,Higher Education,Banner,Linux 64-bit,,CLEAN_Address - USPS,Linux,,DPV,Data Provider: Melissa
Purdue University Northwest,pnw.edu,IN,,,Higher Education,Banner,Linux 64-bit,,CLEAN_Address - USPS,Linux,,DPV,Data Provider: Melissa
Quadient, Inc.,quadient.com,CT,Information Technology,,Software,,,Monthly,CLEAN_Address - USPS,Linux,,DPV,Data Provider: Melissa
Randolph-Brooks Federal Credit Union,rbfcu.org,WA,Finance,ASCEN,Credit Union,Credit Union,Windows 64-bit,Monthly,CLEAN_Address - USPS,Windows,,DPV,Data Provider: Melissa
Raritan Valley Community College,raritanval.edu,NJ,,,Higher Education,Banner,Linux 64-bit,,CLEAN_Address - USPS,Linux,,DPV,Data Provider: Melissa
"Rawlings Sporting Goods Company, Inc.",rawlings.com,MO,,,Retail Trade,JD Edwards,Windows 64-bit,Monthly,"CLEAN_Address - USPS,CLEAN_Address - CAN",Windows,Canada - Win,DPV,Data Provider: Melissa,AddressDoctor International
Rhode Island School of Design,RISD.edu,RI,,,Higher Education,Colleague,Linux 64-bit,,CLEAN_Address - USPS,Linux,,DPV,Data Provider: Melissa,AddressDoctor International,"NCOA - Prepaid,MCOA - Prepaid"
Rhodes State College,rhodesstate.edu,OH,,,Higher Education,Banner,Windows 64-bit,,CLEAN_Address - USPS,Windows,,DPV,Data Provider: Melissa
Rider University,rider.edu,NJ,,,Higher Education,Banner,Linux 64-bit,,CLEAN_Address - USPS,Linux,,DPV,Data Provider: Melissa,AddressDoctor International,NCOA - Prepaid
Ritchie Bros Auctioneers,rbauction.com,BC,Canada,MDATA,Services,,Linux 64-bit,"Quarterly,Monthly","CLEAN_Address - USPS,CLEAN_Address - CAN",Linux,Canada - Unix,NO DPV,Data Provider: Melissa,GeoCoder
Roane State Community College,roanestate.edu,TN,,,Higher Education,Banner,Linux 64-bit,,CLEAN_Address - USPS,Linux,,DPV,Data Provider: Melissa,,NCOA - Prepaid
Rochester Institute of Technology,rit.edu,NY,,,Higher Education,"PeopleSoft, Advance",Windows 64-bit,,CLEAN_Address - USPS,"Windows, Linux",,DPV,Data Provider: Melissa,CLEAN_Entry
Rock Valley College,rockvalleycollege.edu,IL,,,Higher Education,Colleague,Windows 64-bit,,CLEAN_Address - USPS,Windows,,DPV,Data Provider: Melissa,CLEAN_Entry
Roger Williams University,rwu.edu,RI,,,Higher Education,Colleague,Windows 64-bit,,CLEAN_Address - USPS,Windows,,DPV,Data Provider: Melissa,AddressDoctor International
Rollins College,rollins.edu,FL,,,Higher Education,Banner,Windows 64-bit,Quarterly,CLEAN_Address - USPS,Windows,,DPV,Data Provider: Melissa,Demographic
Roosevelt University,roosevelt.edu,IL,,,Higher Education,Banner,Linux 64-bit,,CLEAN_Address - USPS,Linux,,DPV,Data Provider: Melissa,AddressDoctor International
Rose-Hulman Institute of Technology,rose-hulman.edu,IN,,,Higher Education,Banner,Linux 64-bit,,CLEAN_Address - USPS,Linux,,DPV,Data Provider: Melissa,AddressDoctor International,,,Reference
Rowan College of South Jersey,rcgc.edu,NJ,,,Higher Education,Banner,Linux 64-bit,,CLEAN_Address - USPS,Linux,,DPV,Data Provider: Melissa,,NCOA - Prepaid
Saint Joseph's University,sju.edu,PA,,,Higher Education,Banner,Linux 64-bit,,CLEAN_Address - USPS,Linux,,DPV,Data Provider: Melissa,,NCOA
Saint Louis University,slu.edu,MO,,,Higher Education,Banner,Windows 64-bit,,CLEAN_Address - USPS,Windows,,DPV,Data Provider: Melissa
SAIT Polytechnic,sait.ca,AB,Canada,,Higher Education,Banner,Linux 64-bit,Monthly,CLEAN_Address - CAN,Linux,Canada - Unix,NO DPV,Data Provider: Melissa
Salt Lake Community College,slcc.edu,UT,,,Higher Education,Banner,Linux 64-bit,,CLEAN_Address - USPS,Linux,,DPV,Data Provider: Melissa
Salt Lake Community College - Institutional Research ,i.slcc.edu/ir/index.aspx,UT,,,Higher Education,Banner,Linux 64-bit,,CLEAN_Address - USPS,Linux,,DPV,Data Provider: Melissa
Sam Houston State University,shsu.edu,TX,,,Higher Education,Banner,Linux 64-bit,,CLEAN_Address - USPS,Linux,,DPV,Data Provider: Melissa
Samford University,samford.edu,AL,,,Higher Education,Banner,Windows 64-bit,,CLEAN_Address - USPS,Windows,,DPV,Data Provider: Melissa,,NCOA
San Juan College,sanjuancollege.edu,NM,,,Higher Education,"Colleague, MicroSoft SQL","Windows 64-bit,Linux 64-bit",,CLEAN_Address - USPS,"Linux, Windows",,DPV,Data Provider: Melissa,,"NCOA - Prepaid,Phone - Prepaid,Email - Prepaid"
Santa Barbara City College,sbcc.edu,CA,,,Higher Education,Banner,Linux 64-bit,,CLEAN_Address - USPS,Linux,,DPV,Data Provider: Melissa,RBDI
Santa Fe Community College,sfcc.edu,NM,,,Higher Education,Banner,Linux 64-bit,,CLEAN_Address - USPS,Linux,,DPV,Data Provider: Melissa
Santa Monica College,smc.edu,CA,,,Higher Education,Banner,Linux 64-bit,,CLEAN_Address - USPS,Linux,,DPV,Data Provider: Melissa
Saskatchewan Polytechnic (SIAST),saskpolytech.ca,SK,Canada,,Higher Education,Banner,Windows 64-bit,Monthly,"CLEAN_Address - USPS,CLEAN_Address - CAN",Windows,Canada - Win,NO DPV,Data Provider: Melissa,,,,Reference
Sauk Valley Community College,svcc.edu,IL,,,Higher Education,Banner,Linux 64-bit,,CLEAN_Address - USPS,Linux,,DPV,Data Provider: Melissa,,NCOA - Prepaid
Savannah College of Art and Design,scad.edu,GA,,,Higher Education,Banner,,,CLEAN_Address - USPS,Linux,,DPV,Data Provider: Melissa
Seattle Credit Union,smcu.com,WA,Finance,ASCEN,Credit Union,Credit Union,Windows 64-bit,Monthly,CLEAN_Address - USPS,Windows,,DPV,Data Provider: Melissa,GeoCoder
Seattle Pacific University,spu.edu,WA,,,Higher Education,Banner,Windows 64-bit,,CLEAN_Address - USPS,Windows,,DPV,Data Provider: Melissa
Select Medical Corporation,selectmedical.com,PA,,,Healthcare,E-Business Suite,,,CLEAN_Address - USPS,AIX,,DPV,Data Provider: Melissa,,NCOA - Prepaid
"Service Partners, LLC / TopBuild",service-partners.com / topbuild.com ,FL,,,Manufacturing,"JD Edwards, E-Business Suite","Windows 64-bit,Linux 64-bit",Monthly,"CLEAN_Address - USPS,CLEAN_Address - CAN","Windows, Linux",Canada - Unix & Win,DPV,Data Provider: Melissa,AddressDoctor International
Seton Hall University,shu.edu,NJ,,,Higher Education,Banner,Linux 64-bit,,CLEAN_Address - USPS,Linux,,DPV,Data Provider: Melissa
Seward County Community College,sccc.edu,KS,,,Higher Education,Banner,Windows 64-bit,,CLEAN_Address - USPS,Windows,,DPV,Data Provider: Melissa
Shamrock Foods,shamrockfoods.com,AZ,,MDATA,Manufacturing,,Linux 64-bit,,CLEAN_Address - USPS,Linux,,DPV,Data Provider: Melissa
Sierra Joint Community College District,sierracollege.edu,CA,,,Higher Education,Banner,Linux 64-bit,,CLEAN_Address - USPS,Linux,,DPV,Data Provider: Melissa
Skidmore College,skidmore.edu,NY,,,Higher Education,"Banner, Advance",Linux 64-bit,,CLEAN_Address - USPS,Linux,,DPV,Data Provider: Melissa
Skyward Specialty Insurance,skywardinsurance.com,TX,,MDATA,Insurance,,,,CLEAN_Address - USPS,Windows,,DPV,Data Provider: Melissa,,,,Formerly named Imperium Insurance Company & Houston International Insurance Group
Slippery Rock University,sru.edu,PA,,,Higher Education,Banner,Windows 64-bit,,CLEAN_Address - USPS,Windows,,DPV,Data Provider: Melissa,AddressDoctor International
Smart Financial Credit Union,smartcu.org,WA,Finance,ASCEN,Credit Union,Credit Union,Windows 64-bit,Monthly,CLEAN_Address - USPS,Windows,,DPV,Data Provider: Melissa
Snow College,snow.edu,UT,,,Higher Education,Banner,Linux 64-bit,,CLEAN_Address - USPS,Linux,,DPV,Data Provider: Melissa,AddressDoctor International
Soka University of America,soka.edu,CA,,,Higher Education,PeopleSoft,,,CLEAN_Address - USPS,Windows,,DPV,Data Provider: Melissa,,"NCOA - Prepaid,Deceased - Prepaid"
Solano Community College,solano.edu,CA,,,Higher Education,Banner,Linux 64-bit,,CLEAN_Address - USPS,Linux,,DPV,Data Provider: Melissa
South Dakota Board of Regents,sdbor.edu,SD,,,Higher Education,"Colleague, Banner",Linux 64-bit,,CLEAN_Address - USPS,"AIX, Linux",,DPV,Data Provider: Melissa
South Texas College,southtexascollege.edu,TX,,,Higher Education,Banner,Windows 64-bit,,CLEAN_Address - USPS,Windows,,DPV,Data Provider: Melissa
South Texas College of Law - Houston,stcl.edu,TX,,,Higher Education,Banner,Windows 64-bit,,CLEAN_Address - USPS,Windows,,DPV,Data Provider: Melissa,Mailers+4
Southeastern Louisiana University,southeastern.edu,LA,,,Higher Education,PeopleSoft,Windows 64-bit,,CLEAN_Address - USPS,Windows,,DPV,Data Provider: Melissa
Southern Illinois University Edwardsville,siue.edu,IL,,,Higher Education,Banner,Linux 64-bit,,CLEAN_Address - USPS,Solaris,,DPV,Data Provider: Melissa,AddressDoctor International
Southern Illinois University System,siusystem.edu,IL,,,Higher Education,"Banner, E-Business Suite, Advance",Windows 64-bit,,CLEAN_Address - USPS,Windows,,DPV,Data Provider: Melissa,AddressDoctor International
Southern Methodist University,smu.edu,TX,,,Higher Education,PeopleSoft,Windows 64-bit,,CLEAN_Address - USPS,Windows,,DPV,Data Provider: Melissa
Southern University System,sus.edu,LA,Higher Education,Banner,Linux 64-bit,,CLEAN_Address - USPS,Linux,,DPV,Data Provider: Melissa,,"NCOA - Prepaid,MCOA - Prepaid,Email - Prepaid,Phone - Prepaid",,"Southern University and A&M College
Southern University at New Orleans,suno.edu,LA,Higher Education,Banner,Linux 64-bit
Southern University at Shreveport,,LA, Higher Education,Banner,Linux 64-bit   
Southern Utah University,suu.edu,UT,,,Higher Education,Banner,Linux 64-bit,,CLEAN_Address - USPS,Linux,,DPV,Data Provider: Melissa,,NCOA
Southwest Tennessee Community College,southwest.tn.edu,TN,,,Higher Education,Banner,Linux 64-bit,,CLEAN_Address - USPS,Linux,,DPV,Data Provider: Melissa,,NCOA - Prepaid
Spelman College,spelman.edu,GA,,,Higher Education,Banner,Linux 64-bit,,CLEAN_Address - USPS,Linux,,DPV,Data Provider: Melissa
St John's University,stjohns.edu,NY,,,Higher Education,Banner,Linux 64-bit,,CLEAN_Address - USPS,Linux,,DPV,Data Provider: Melissa
St Johns River State College,sjrstate.edu,FL,,,Higher Education,Banner,Linux 64-bit,,CLEAN_Address - USPS,Linux,,DPV,Data Provider: Melissa
St. Catherine University,stkate.edu,MN,,,Higher Education,Banner,Linux 64-bit,,CLEAN_Address - USPS,Linux,,DPV,Data Provider: Melissa
St. Edward’s University,stedwards.edu,TX,,,Higher Education,Banner,,,DES,,,,,,"NCOA - Prepaid,CLEAN_File Append,CLEAN_List - Demographic Append,Reverse Email Lookup"
St. John Fisher College,sjfc.edu,NY,,,Higher Education,Banner,Windows 64-bit,,CLEAN_Address - USPS,Windows,,DPV,Data Provider: Melissa
St. Louis Community College,stlcc.edu,MO,,,Higher Education,Banner,Linux 64-bit,Monthly,CLEAN_Address - USPS,Linux,,DPV,Data Provider: Melissa,,NCOA
St. Petersburg College,spcollege.edu,FL,,,Higher Education,PeopleSoft,Linux 64-bit,,CLEAN_Address - USPS,Linux,,DPV,Data Provider: Melissa,,NCOA - Prepaid
Stark County,starklibrary.org,OH,Government,,Linux 64-bit,,CLEAN_Address - USPS,Linux,,DPV,Data Provider: Melissa
State College of Florida,scf.edu,FL,Higher Education,Banner,Linux 64-bit,,CLEAN_Address - USPS,Linux,,DPV,Data Provider: Melissa
State Fair Community College,sfccmo.edu,MO,Higher Education,Banner,Linux 64-bit,,CLEAN_Address - USPS,Linux,,DPV,Data Provider: Melissa
State of Connecticut Judicial Branch,jud.ct.gov,CT,Government,MicroSoft SQL,Windows 64-bit,,CLEAN_Address - USPS,Windows,,DPV,Data Provider: Melissa
State of Kansas,kansas.gov,KS,Government,PeopleSoft,"Linux 64-bit,Windows 64-bit",,CLEAN_Address - USPS,"Linux, Windows",,DPV,Data Provider: Melissa,AddressDoctor International
State of Wisconsin,wisconsin.gov,WI,Government,PeopleSoft,"Linux 64-bit,Windows 64-bit",Quarterly,CLEAN_Address - USPS,"Linux, Windows",,DPV,Data Provider: Melissa,GeoCoder
Stephen F. Austin State University,sfasu.edu,TX,Higher Education,Banner,Windows 64-bit,,CLEAN_Address - USPS,Windows,,DPV,Data Provider: Melissa,,,,Reference
Stockton University,stockton.edu,NJ,Higher Education,x,Linux 64-bit,,CLEAN_Address - USPS,Linux,,DPV,Data Provider: Melissa
Stonehill College,stonehill.edu,MA,Higher Education,Banner,Linux 64-bit,,CLEAN_Address - USPS,Linux,,DPV,Data Provider: Melissa,,,,Reference
Stony Brook University,stonybrook.edu,NY,Higher Education,PeopleSoft,Linux 64-bit,,CLEAN_Address - USPS,Linux,,DPV,Data Provider: Melissa,AddressDoctor International
Suffolk University,suffolk.edu,MA,Higher Education,Colleague,Linux 64-bit,,CLEAN_Address - USPS,Linux,,DPV,Data Provider: Melissa,AddressDoctor International,"MCOA - Prepaid,Email - Prepaid"
Sul Ross State University,sulross.edu,TX,Higher Education,Banner,Linux 64-bit,,CLEAN_Address - USPS,Linux,,DPV,Data Provider: Melissa
Sunshine Coast Credit Union,sunshineccu.com,BC,Canada,Finance,,ASCEN,Credit Union,Credit Union,Windows 64-bit,Monthly,CLEAN_Address - CAN,Windows,Canada - Win,NO DPV,Data Provider: Melissa
SUNY Adirondack Community College,sunyacc.edu,NY,Higher Education,Banner,Linux 64-bit,,CLEAN_Address - USPS,Linux,,DPV,Data Provider: Melissa
SUNY Broome Community College,sunybroome.edu,NY,Higher Education,Banner,Linux 64-bit,,CLEAN_Address - USPS,Linux,,DPV,Data Provider: Melissa,,NCOA
SUNY Corning Community College,corning-cc.edu,NY,Higher Education,Banner,Linux 64-bit,,CLEAN_Address - USPS,Linux,,DPV,Data Provider: Melissa,,NCOA - Prepaid
SUNY Downstate Medical Center,downstate.edu,NY,Higher Education,Banner,Linux 64-bit,,CLEAN_Address - USPS,Linux,,DPV,Data Provider: Melissa
SUNY Empire State College,esc.edu,NY,Higher Education,Banner,Linux 64-bit,,CLEAN_Address - USPS,Linux,,DPV,Data Provider: Melissa,AddressDoctor International,NCOA - Prepaid
SUNY Fredonia,fredonia.edu,NY,Higher Education,Banner,Linux 64-bit,,CLEAN_Address - USPS,Linux,,DPV,Data Provider: Melissa
SUNY New Paltz,newpaltz.edu,NY,Higher Education,Banner,Linux 64-bit,,CLEAN_Address - USPS,Linux,,DPV,Data Provider: Melissa
SUNY Rockland Community College,sunyrockland.edu,NY,Higher Education,Banner,Linux 64-bit,,CLEAN_Address - USPS,Linux,,DPV,Data Provider: Melissa,,"NCOA - Prepaid,Phone - Prepaid,Email - Prepaid"
Swarthmore College,swarthmore.edu,PA,Higher Education,Banner,Linux 64-bit,,CLEAN_Address - USPS,Linux,,DPV,Data Provider: Melissa,AddressDoctor International
Tarleton State University,tarleton.edu,TX,Higher Education,Banner,Linux 64-bit,,CLEAN_Address - USPS,Linux,,DPV,Data Provider: Melissa
"Teachers College, Columbia University",tc.columbia.edu,NY,Higher Education,Banner,Linux 64-bit,,CLEAN_Address - USPS,Linux,,DPV,Data Provider: Melissa,AddressDoctor International
Temple University,temple.edu,PA,,,Higher Education,Banner,Linux 64-bit,Monthly,"CLEAN_Address - USPS,CLEAN_Address - CAN",Linux,Canada - Unix,DPV,Data Provider: Melissa,,NCOA
Tennessee Board of Regents,tbr.edu,TN,Higher Education,Banner,Linux 64-bit,,CLEAN_Address - USPS,Linux,,DPV,Data Provider: Melissa,,NCOA - Prepaid
Tennessee Colleges of Applied Technology,tbr.edu,TN,Higher Education,Banner,,,CLEAN_Address - USPS,Linux,,DPV,Data Provider: Melissa,,NCOA - Prepaid,,"26 Tennessee Colleges of Applied Technology -          TBR System Office will support all TCATs under one instance.
Technical College of Applied Technology - Athens
Technical College of Applied Technology - Chattanooga
Technical College of Applied Technology - Covington
Technical College of Applied Technology - Crossville
Technical College of Applied Technology - Crump
Technical College of Applied Technology - Dickson
Technical College of Applied Technology - Elizabethton
Technical College of Applied Technology - Harriman
Technical College of Applied Technology - Hartsville
Technical College of Applied Technology - Hohenwald
Technical College of Applied Technology - Jacksboro
Technical College of Applied Technology - Jackson
Technical College of Applied Technology - Knoxville
Technical College of Applied Technology - Livingston
Technical College of Applied Technology - McKenzie
Technical College of Applied Technology - McMinnville
Technical College of Applied Technology - Memphis
Technical College of Applied Technology - Morristown
Technical College of Applied Technology - Murfreesboro
Technical College of Applied Technology - Nashville
Technical College of Applied Technology - Newbern
Technical College of Applied Technology - Oneida/Huntsville
Technical College of Applied Technology - Paris
Technical College of Applied Technology - Pulaski
Technical College of Applied Technology - Ripley
Technical College of Applied Technology - Shelbyville
Technical College of Applied Technology - Whiteville
Tennessee Dept of Finance & Administration,tn.gov,TN,Government,PeopleSoft,Linux 64-bit,,CLEAN_Address - USPS,Linux,,DPV,Data Provider: Melissa
Tennessee State University,tnstate.edu,TN,Higher Education,Banner,Linux 64-bit,,CLEAN_Address - USPS,Linux,,DPV,Data Provider: Melissa,,NCOA - Prepaid
Tennessee Technological University,tntech.edu,TN,Higher Education,Banner,Linux 64-bit,,CLEAN_Address - USPS,Linux,,DPV,Data Provider: Melissa,,NCOA - Prepaid,,Reference
Terra State Community College,terra.edu,OH,Higher Education,Banner,Linux 64-bit,,CLEAN_Address - USPS,Linux,,DPV,Data Provider: Melissa
Texas A&M University - Central Texas,tamu.edu,TX,Higher Education,Banner,Linux 64-bit,,CLEAN_Address - USPS,Linux,,DPV,Data Provider: Melissa
Texas A&M University - Commerce,tamu.edu,TX,,Higher Education,Banner,Linux 64-bit,,CLEAN_Address - USPS,Linux,,DPV,Data Provider: Melissa
Texas A&M University - Corpus Christi,tamu.edu,TX,,Higher Education,Banner,Linux 64-bit,Monthly,CLEAN_Address - USPS,Linux,,DPV,Data Provider: Melissa,AddressDoctor International,NCOA
Texas A&M University - Kingsville,tamu.edu,TX,,Higher Education,Banner,Linux 64-bit,,CLEAN_Address - USPS,Linux,,DPV,Data Provider: Melissa
Texas A&M University - San Antonio,tamusa.edu,TX,,Higher Education,Banner,Linux 64-bit,,CLEAN_Address - USPS,Linux,,DPV,Data Provider: Melissa
Texas Childrens Hospital,texaschildrens.org,TX,Healthcare,,,,Orbit
Texas Christian University,tcu.edu,TX,Higher Education,PeopleSoft,Windows 64-bit,,CLEAN_Address - USPS,Windows,,DPV,Data Provider: Melissa
Texas Southmost College,tsc.edu,TX,Higher Education,Colleague,Windows 64-bit,,CLEAN_Address - USPS,Windows,,DPV,Data Provider: Melissa,AddressDoctor International,"Phone - Prepaid,Email - Prepaid"
Texas State University San Marcos,txstate.edu,TX,Higher Education,Banner,Linux 64-bit,,CLEAN_Address - USPS,Linux,,DPV,Data Provider: Melissa,,NCOA
Texas Tech University System,ttu.edu,TX,Higher Education,Banner,Linux 64-bit,,CLEAN_Address - USPS,Linux,,DPV,Data Provider: Melissa
The College of St Rose,strose.edu,NY,Higher Education,Banner,Windows 64-bit,,CLEAN_Address - USPS,Windows,,DPV,Data Provider: Melissa,,NCOA
The Culinary Institute of America,ciachef.edu,NY,Higher Education,Colleague,Windows 64-bit,,CLEAN_Address - USPS,Windows,,DPV,Data Provider: Melissa,,NCOA - Prepaid
The Graduate Center - CUNY,gc.cuny.edu,NY,Higher Education,Banner,,Monthly,CLEAN_Address - USPS,Windows,,DPV,Data Provider: Melissa
The New School,newschoolfreepress.com,NY,Higher Education,Banner,Linux 64-bit,Monthly,CLEAN_Address - USPS,Linux,,DPV,Data Provider: Melissa,,NCOA
The PGA of America,pga.com,FL,Sports & Recreations,,Services,Linux 64-bit,,CLEAN_Address - USPS,Linux,,DPV,Data Provider: Melissa
The Principia,theprincipiamd.com,MO,Higher Education,Banner,Linux 64-bit,,CLEAN_Address - USPS,Linux,,DPV,Data Provider: Melissa,"AddressDoctor International,Melissa Global",NCOA
"Trax Group, Inc. (aka Veraction, LLC)",veraction.com,TN,Software,,Services,,Linux 64-bit,,CLEAN_Address - USPS,Linux,,DPV,Data Provider: Melissa,RBDI
Tri-County Technical College,tctc.edu,SC,Higher Education,Banner,Windows 64-bit,,CLEAN_Address - USPS,Windows,,DPV,Data Provider: Melissa
Truliant Federal Credit Union,truliantfcu.org,WA,Finance,ASCEN,Credit Union,Credit Union,Windows 64-bit,Monthly,CLEAN_Address - USPS,Windows,,DPV,Data Provider: Melissa,CLEAN_Entry
Truman State University,truman.edu,MO,Higher Education,Banner,Linux 64-bit,,CLEAN_Address - USPS,Linux,,DPV,Data Provider: Melissa,Mailers+4,NCOA
Tulsa Community College,tulsacc.edu,OK,Higher Education,Banner,Linux 64-bit,,CLEAN_Address - USPS,Linux,,DPV,Data Provider: Melissa
Tulsa Technology Center,tulsatech.edu,OK,Higher Education,Colleague,,,CLEAN_Address - USPS,Windows,,DPV,Data Provider: Melissa,CLEAN_Cloud
Tupperware,tupperware.com,FL,Retail Trade,,Linux 64-bit,"Quarterly,Monthly","CLEAN_Address - USPS,CLEAN_Address - CAN",Linux,Canada - Unix,DPV,Data Provider: Melissa,Canada GeoCoding
Tyler Junior College,tjc.edu,TX,Higher Education,Banner,Linux 64-bit,,CLEAN_Address - USPS,Linux,,DPV,Data Provider: Melissa
UMAss Global (Previously Brandman University),umassglobal.edu,CA,Higher Education,Banner,Linux 64-bit,,CLEAN_Address - USPS,Linux,,DPV,Data Provider: Melissa
Union College,union.edu,NY,Higher Education,Colleague,Windows 64-bit,,CLEAN_Address - USPS,Windows,,DPV,Data Provider: Melissa
Union University,uu.edu,TN,Higher Education,Colleague,Windows 64-bit,,CLEAN_Address - USPS,Windows,,DPV,Data Provider: Melissa
Unique Vacations/Sandals Resort,uvi.sandals.com,FL,Hospitality,MDATA,Hospitality & Travel,,Linux 64-bit,"Quarterly,Monthly","CLEAN_Address - USPS,CLEAN_Address - CAN",Linux,Canada - Unix,DPV,Data Provider: Melissa,GeoCoder
University at Buffalo - SUNY,buffalo.edu,NY,Higher Education,"PeopleSoft, Advance",Linux 64-bit,,CLEAN_Address - USPS,Linux,,DPV,Data Provider: Melissa
University of Alabama - Birmingham,uab.edu,AL,Higher Education,Banner,Linux 64-bit,,CLEAN_Address - USPS,Linux,,DPV,Data Provider: Melissa
University of Alabama - Huntsville,uah.edu,AL,Higher Education,Banner,Linux 64-bit,Monthly,CLEAN_Address - USPS,Linux,,DPV,Data Provider: Melissa,AddressDoctor International
University of Alaska Fairbanks,uaf.edu,AK,Higher Education,Banner,Linux 64-bit,,CLEAN_Address - USPS,Linux,,DPV,Data Provider: Melissa
University of Arkansas,uark.edu,AR,Higher Education,PeopleSoft,Linux 64-bit,,CLEAN_Address - USPS,Linux,,DPV,Data Provider: Melissa
University of Bridgeport,bridgeport.edu,CT,Higher Education,Colleague,Windows 64-bit,,CLEAN_Address - USPS,Windows,,DPV,Data Provider: Melissa,CLEAN_Entry
University of California -Merced,ucmerced.edu,CA,Higher Education,Banner,Linux 64-bit,,CLEAN_Address - USPS,Linux,,DPV,Data Provider: Melissa,AddressDoctor International
University of Central Arkansas,uca.edu,AR,Higher Education,Banner,Linux 64-bit,,CLEAN_Address - USPS,Linux,,DPV,Data Provider: Melissa
University of Central Missouri,ucmo.edu,MO,Higher Education,Banner,Linux 64-bit,,CLEAN_Address - USPS,Linux,,DPV,Data Provider: Melissa
University of Central Oklahoma,uco.edu,OK,Higher Education,Banner,Linux 64-bit,,CLEAN_Address - USPS,Linux,,DPV,Data Provider: Melissa
University of Dallas,udallas.edu,TX,Higher Education,Banner,Linux 64-bit,,CLEAN_Address - USPS,Linux,,DPV,Data Provider: Melissa
University of Dayton,udayton.edu,OH,Higher Education,"Banner, Salesforce",Linux 64-bit,,"CLEAN_Address - USPS,Salesforce - US & CAN",Linux,,DPV,Data Provider: Melissa
University of Detroit Mercy,udmercy.edu,MI,Higher Education,Banner,Linux 64-bit,,CLEAN_Address - USPS,Linux,,DPV,Data Provider: Melissa
University of Hawaii Foundation,uhfoundation.org,HI,Higher Education,Advance,Windows 64-bit,,CLEAN_Address - USPS,Windows,,DPV,Data Provider: Melissa
University of Houston System,uhsystem.edu,TX,Higher Education,PeopleSoft,Linux 64-bit,,CLEAN_Address - USPS,Linux,,DPV,Data Provider: Melissa
University of Illinois,illinois.edu,IL,Higher Education,Banner,Linux 64-bit,,CLEAN_Address - USPS,Linux,,DPV,Data Provider: Melissa
University of Indianapolis,uindy.edu,IN,Higher Education,Banner,Linux 64-bit,,CLEAN_Address - USPS,Linux,,DPV,Data Provider: Melissa
University of La Verne,laverne.edu,CA,Higher Education,Banner,Linux 64-bit,,CLEAN_Address - USPS,Linux,,DPV,Data Provider: Melissa
University of Louisiana at Lafayette,louisiana.edu,LA,Higher Education,Banner,Linux 64-bit,Monthly,CLEAN_Address - USPS,Linux,,DPV,Data Provider: Melissa,AddressDoctor International,"NCOA - Prepaid,Phone - Prepaid,MCOA - Prepaid,Deceased - Prepaid,Email - Prepaid,PCOA - Prepaid"
University of Louisville,louisville.edu,KY,Higher Education,"PeopleSoft, Advance",Windows 64-bit,,CLEAN_Address - USPS,Windows,,DPV,Data Provider: Melissa
University of Massachusetts Amherst,umass.edu,MA,Higher Education,PeopleSoft,Windows 64-bit,Monthly,"CLEAN_Address - USPS,CLEAN_Address - CAN",Windows,Canada - Win,DPV,Data Provider: Melissa,,NCOA - Prepaid
University of Memphis,memphis.edu,TN,Higher Education,Banner,Linux 64-bit,"Quarterly,Monthly",CLEAN_Address - USPS,Linux,,DPV,Data Provider: Melissa,"GeoData,Demographic"
University of Michigan - Dearborn,umdearborn.edu,MI,Higher Education,Banner,Linux 64-bit,,CLEAN_Address - USPS,Linux,,DPV,Data Provider: Melissa
University of Michigan - Flint,umflint.edu,MI,Higher Education,Banner,Linux 64-bit,,CLEAN_Address - USPS,Linux,,DPV,Data Provider: Melissa
University of Minnesota,umn.edu,MN,,,Higher Education,PeopleSoft,Linux 64-bit,"Quarterly,Monthly","CLEAN_Address - USPS,CLEAN_Address - CAN",Linux,Canada - Unix,DPV,Data Provider: Melissa,"GeoCoder,GeoPoints",,,"PeopleSoft Interface - Includes: Campus Solutions, HCM, FSCM"
University of Minnesota Foundation,umn.edu,MN,Higher Education,PeopleSoft,,"Quarterly,Monthly","CLEAN_Address - USPS,CLEAN_Address - CAN",Linux,Canada - Unix,DPV,Data Provider: Melissa,"GeoCoder,GeoPoints,Canada GeoCoding,AddressDoctor International"
University of Mississippi Alumni Association,olemiss.edu,MS,,,Higher Education,Advance,Windows 64-bit,Monthly,CLEAN_Address - USPS,Windows,,DPV,Data Provider: Melissa,,NCOA
University of Missouri,umsystem.edu,MO,Higher Education,"PeopleSoft, Advance",Linux 64-bit,,CLEAN_Address - USPS,Linux,,DPV,Data Provider: Melissa
University of Montana - Helena College,helenacollege.edu,MT,,,Higher Education,Banner,Linux 64-bit,,CLEAN_Address - USPS,Linux,,DPV,Data Provider: Melissa
University of Montana - Missoula,umt.edu,MT,Higher Education,Banner,Linux 64-bit,,CLEAN_Address - USPS,Linux,,DPV,Data Provider: Melissa
University of Montana - Montana Tech,mtech.edu,MT,Higher Education,Banner,Linux 64-bit,,CLEAN_Address - USPS,Linux,,DPV,Data Provider: Melissa
University of Montana Alumni Association,grizalum.org,MT,Higher Education,,,,DES,,,,,,NCOA
University of Montevallo,montevallo.edu,AL,Higher Education,Banner,Linux 64-bit,,CLEAN_Address - USPS,Linux,,DPV,Data Provider: Melissa
University of New Hampshire,unh.edu,NH,Higher Education,Banner,Windows 64-bit,,CLEAN_Address - USPS,Windows,,DPV,Data Provider: Melissa
University of New Haven,newhaven.edu,CT,Higher Education,Banner,Linux 64-bit,,CLEAN_Address - USPS,Linux,,DPV,Data Provider: Melissa,CLEAN_Entry
University of New Mexico,unmpress.com,NM,Higher Education,Banner,Linux 64-bit,Monthly,CLEAN_Address - USPS,Linux,,DPV,Data Provider: Melissa
University of North Alabama,una.edu,AL,Higher Education,Banner,Linux 64-bit,,CLEAN_Address - USPS,Linux,,DPV,Data Provider: Melissa
University of North Carolina - Asheville,unca.edu,NC,Higher Education,Banner,Linux 64-bit,,CLEAN_Address - USPS,Linux,,DPV,Data Provider: Melissa
University of North Carolina - Charlotte,uncc.edu,NC,Higher Education,Banner,Linux 64-bit,,CLEAN_Address - USPS,Linux,,DPV,Data Provider: Melissa
University of North Carolina - Greensboro,uncg.edu,NC,Higher Education,Banner,Linux 64-bit,,CLEAN_Address - USPS,Linux,,DPV,Data Provider: Melissa
University of North Carolina - Pembroke,uncp.edu,NC,Higher Education,Banner,Linux 64-bit,,CLEAN_Address - USPS,Linux,,DPV,Data Provider: Melissa
University of Northern British Columbia,unbc.ca,BC,Canada,Higher Education,Banner,Linux 64-bit,Monthly,CLEAN_Address - CAN,Linux,Canada - Unix,NO DPV,Data Provider: Melissa
University of Northern Colorado,unco.edu,CO,Higher Education,Banner,Windows 64-bit,,CLEAN_Address - USPS,Windows,,DPV,Data Provider: Melissa
University of Northern Iowa,uni.edu,IA,Higher Education,PeopleSoft,Linux 64-bit,,CLEAN_Address - USPS,Linux,,DPV,Data Provider: Melissa
University of Northwestern - St Paul,unwsp.edu,MN,Higher Education,Banner,Linux 64-bit,,CLEAN_Address - USPS,Linux,,DPV,Data Provider: Melissa,,,,Reference
University of Notre Dame,nd.edu,IN,Higher Education,Banner,Linux 64-bit,,CLEAN_Address - USPS,Linux,,DPV,Data Provider: Melissa
University of Oklahoma,ou.edu,OK,Higher Education,"Banner, PeopleSoft",Linux 64-bit,"Quarterly,Monthly","CLEAN_Address - USPS,CLEAN_Address - CAN",Linux,Canada - Unix,DPV,Data Provider: Melissa,"AddressDoctor International,Demographic","NCOA - Prepaid,Phone - Prepaid,Email - Prepaid"
University of Oklahoma Health Sciences Center,ouhsc.edu,OK,Higher Education,PeopleSoft,,"Quarterly,Monthly","CLEAN_Address - USPS,CLEAN_Address - CAN",Linux,Canada - Unix,DPV,Data Provider: Melissa,"AddressDoctor International,Demographic",NCOA - Prepaid
University of Oregon,uoregon.edu,O,,Higher Education,Banner,Linux 64-bit,,CLEAN_Address - USPS,Linux,,DPV,Data Provider: Melissa
University of Pennsylvania,upenn.edu,PA,Higher Education,"PeopleSoft, Banner",Linux 64-bit,,CLEAN_Address - USPS,Linux,,DPV,Data Provider: Melissa,"AddressDoctor International,CLEAN_Entry"
University of Pikeville,upike.edu,KY,Higher Education,Colleague,,,CLEAN_Address - USPS,Windows,,DPV,Data Provider: Melissa,,NCOA - Prepaid
University of Portland,up.edu,OR,Higher Education,Banner,Linux 64-bit,,CLEAN_Address - USPS,Linux,,DPV,Data Provider: Melissa,,NCOA
University of Puget Sound,pugetsound.edu,WA,Higher Education,PeopleSoft,Linux 64-bit,,CLEAN_Address - USPS,Linux,,DPV,Data Provider: Melissa,,NCOA
University of Rochester,rochester.edu,NY,Higher Education,PeopleSoft,Linux 64-bit,,CLEAN_Address - USPS,Linux,,DPV,Data Provider: Melissa
University of San Diego,sandiego.edu,CA,Higher Education,Banner,Linux 64-bit,,CLEAN_Address - USPS,Linux,,DPV,Data Provider: Melissa
University of San Francisco,usfca.edu,CA,Higher Education,"Banner, Salesforce",Linux 64-bit,,"CLEAN_Address - USPS,Salesforce - US & CAN",Linux,,DPV,Data Provider: Melissa,Salesforce US/CAN Transacations,NCOA
University of Scranton,scranton.edu,PA,Higher Education,Banner,Linux 64-bit,,CLEAN_Address - USPS,Linux,,DPV,Data Provider: Melissa
University of South Alabama,usahealthsystem.com,AL,Higher Education,Banner,"Windows 64-bit,Linux 64-bit",,CLEAN_Address - USPS,"Windows, Linux",,DPV,Data Provider: Melissa
University of South Carolina,sc.edu,SC,Higher Education,"Banner, PeopleSoft",Linux 64-bit,,CLEAN_Address - USPS,Linux,,DPV,Data Provider: Melissa,CLEAN_Entry
University of South Florida,usf.edu,FL,Higher Education,PeopleSoft,Windows 64-bit,,CLEAN_Address - USPS,Windows,,DPV,Data Provider: Melissa
University of Southern Indiana,usi.edu,IN,Higher Education,Banner,Linux 64-bit,,CLEAN_Address - USPS,Linux,,DPV,Data Provider: Melissa
University of Southern Mississippi,usm.edu,MS,Higher Education,PeopleSoft,Linux 64-bit,,CLEAN_Address - USPS,Linux,,DPV,Data Provider: Melissa
University of St Francis,stfrancis.edu,IL,Higher Education,Banner,Linux 64-bit,,CLEAN_Address - USPS,Linux,,DPV,Data Provider: Melissa,,NCOA - Prepaid
University of St. Thomas - Houston,stthom.edu,TX,Higher Education,PeopleSoft,Windows 64-bit,,CLEAN_Address - USPS,Windows,,DPV,Data Provider: Melissa
University of Tennessee Chattanooga,utc.edu,TN,Higher Education,Banner,Linux 64-bit,,CLEAN_Address - USPS,Linux,,DPV,Data Provider: Melissa
University of Tennessee Knoxville,utk.edu,TN,Higher Education,Banner,Linux 64-bit,,CLEAN_Address - USPS,Linux,,DPV,Data Provider: Melissa
University of Tennessee Martin,utm.edu,TN,Higher Education,Banner,Linux 64-bit,,CLEAN_Address - USPS,Linux,,DPV,Data Provider: Melissa
University of Tennessee Memphis,uthsc.edu,TN,Higher Education,Banner,Linux 64-bit,,CLEAN_Address - USPS,Linux,,DPV,Data Provider: Melissa
University of Texas - Health Sciences Houston,uth.edu/,TX,Higher Education,PeopleSoft,Linux 64-bit,,CLEAN_Address - USPS,Linux,,DPV,Data Provider: Melissa,,,,"Univ of Texas System - Administration supports:
The University of Texas at Arlington,,TX,Higher Education,PeopleSoft,Linux 64-bit,,CLEAN_Address - USPS,Linux,,DPV,Data Provider: Melissa,,NCOA - Prepaid,,"Univ of Texas System - Administration supports:
The University of Texas at Austin,,TX,Higher Education,PeopleSoft,Linux 64-bit
The University of Texas at Dallas,,TX,Higher Education,PeopleSoft,Linux 64-bit
The University of Texas at El Paso,,TX,Higher Education,PeopleSoft,Linux 64-bit
The University of Texas Permian Basin,,TX,Higher Education,PeopleSoft,Linux 64-bit
The University of Texas at San Antonio,,TX,Higher Education,PeopleSoft,Linux 64-bit
The University of Texas at Tyler,,TX,Higher Education,PeopleSoft,Linux 64-bit
The University of Texas Rio Grande Valley -,,TX,Higher Education,PeopleSoft,Linux 64-bit, Currently Separate Billed Customer
University of Texas Rio Grande Valley,utrgv.edu,TX,Higher Education,Banner,Windows 64-bit,Quarterly,CLEAN_Address - USPS,"Linux, Windows",,DPV,Data Provider: Melissa,Demographic
University of Texas System - Administration,utsystem.edu,TX,Higher Education,PeopleSoft,Linux 64-bit,,CLEAN_Address - USPS,Linux,,DPV,Data Provider: Melissa,,NCOA - Prepaid,,"Univ of Texas System - Administration supports:
The University of Texas at Arlington,,TX,Higher Education,PeopleSoft,Linux 64-bit
The University of Texas at Austin,,TX,Higher Education,PeopleSoft,Linux 64-bit
The University of Texas at Dallas,,TX,Higher Education,PeopleSoft,Linux 64-bit
The University of Texas at El Paso,,TX,Higher Education,PeopleSoft,Linux 64-bit
The University of Texas Permian Basin,,
The University of Texas at San Antonio,,TX,Higher Education,PeopleSoft,Linux 64-bit
The University of Texas at Tyler,,TX,Higher Education,PeopleSoft,Linux 64-bit
University of the District of Columbia,udc.edu,DC,Higher Education,Banner,,,CLEAN_Address - USPS,Linux,,DPV,Data Provider: Melissa,AddressDoctor International
University of the Incarnate Word,uiw.edu,TX,Higher Education,Banner,Windows 64-bit,,CLEAN_Address - USPS,Windows,,DPV,Data Provider: Melissa,,NCOA - Prepaid
University of the Pacific,pacific.edu,CA,Higher Education,Banner,Linux 64-bit,,CLEAN_Address - USPS,Linux,,DPV,Data Provider: Melissa
University of Toledo,uoftfcu.com,OH,Higher Education,Banner,Linux 64-bit,,CLEAN_Address - USPS,Linux,,DPV,Data Provider: Melissa
University of Vermont,uvm.edu,VT,Higher Education,Banner,Linux 64-bit,Monthly,CLEAN_Address - USPS,Linux,,DPV,Data Provider: Melissa
University of West Florida,uwf.edu,FL,Higher Education,Banner,Windows 64-bit,Monthly,"CLEAN_Address - USPS,CLEAN_Address - CAN",Windows,Canada - Win,DPV,Data Provider: Melissa
University of Wisconsin - Eau Claire,uwec.edu,WI,Higher Education,PeopleSoft,Windows 64-bit,,CLEAN_Address - USPS,Windows,,DPV,Data Provider: Melissa
University of Wisconsin - Green Bay,uwgb.edu,WI,Higher Education,PeopleSoft,,,CLEAN_Address - USPS,Windows,,DPV,Data Provider: Melissa
University of Wisconsin - Stevens Point,uwsp.edu,WI,Higher Education,PeopleSoft,,,CLEAN_Address - USPS,Windows,,DPV,Data Provider: Melissa
University of Wisconsin - Superior,uwsuper.edu,WI,Higher Education,PeopleSoft,Windows 64-bit,,CLEAN_Address - USPS,Windows,,DPV,Data Provider: Melissa
University of Wisconsin System,wisconsin.edu,WI,Higher Education,PeopleSoft,Windows 64-bit,,CLEAN_Address - USPS,Windows,,DPV,Data Provider: Melissa
University of Wyoming,uwyo.edu,WY,Higher Education,DES,NCOA
US Air Force Academy,usafa.af.mil,CO,Higher Education,PeopleSoft,Linux 64-bit,,CLEAN_Address - USPS,Linux,,DPV,Data Provider: Melissa,AddressDoctor International,NCOA - Prepaid
US Small Business Administration,sba.gov,CO,Government,,Windows 64-bit,Monthly,"CLEAN_Address - USPS,CLEAN_Address - CAN",Windows,Canada - Win,DPV,Data Provider: Melissa,GeoCoder
Utah State University,usu.edu,UT,Higher Education,Banner,Linux 64-bit,,CLEAN_Address - USPS,Linux,,DPV,Data Provider: Melissa
Utah Tech University,utahtech.edu,UT,Higher Education,Banner,Linux 64-bit,,CLEAN_Address - USPS,Linux,,DPV,Data Provider: Melissa
Valencia College,valenciacollege.edu,FL,Higher Education,Banner,Linux 64-bit,,CLEAN_Address - USPS,Linux,,DPV,Data Provider: Melissa,AddressDoctor International,NCOA - Prepaid
Valmont Industries,valmont.com,NE,Manufacturing,Banner,Windows 64-bit,Monthly,"CLEAN_Address - USPS,CLEAN_Address - CAN",Windows,Canada - Win,DPV,Data Provider: Melissa
Valparaiso University,valpo.edu,IN,Higher Education,Advance,Windows 64-bit,,CLEAN_Address - USPS,Windows,,DPV,Data Provider: Melissa,,NCOA - Prepaid
Vancouver Community College,vcc.ca,BC,Canada,Higher Education,Banner,,Monthly,"CLEAN_Address - USPS,CLEAN_Address - CAN",Linux,Canada - Unix,DPV,Data Provider: Melissa,AddressDoctor International
Vassar College,vassar.edu,NY,Higher Education,Banner,Linux 64-bit,,CLEAN_Address - USPS,Linux,,DPV,Data Provider: Melissa
Vehicle Equipment Management Agency (VEMA),vema.gov.mb.ca,MB,Canada,Public Sector,,Orbit,,,,,Orbit
Ventura County Community College District,vcccd.edu,CA,Higher Education,Banner,Linux 64-bit,,CLEAN_Address - USPS,Linux,,,Data Provider: Melissa
Villanova University,villanova.edu,PA,Higher Education,Banner,Linux 64-bit,Quarterly,CLEAN_Address - USPS,Linux,,DPV,Data Provider: Melissa,"GeoCoder,GeoData,AddressDoctor International"
Vincennes University,vinu.edu,IN,Higher Education,Banner,Linux 64-bit,,CLEAN_Address - USPS,Linux,,DPV,Data Provider: Melissa
Virginia College Savings Plan,virginia529.com,VA,Finance,Banner,Linux 64-bit,Quarterly,CLEAN_Address - USPS,Linux,,DPV,Data Provider: Melissa,GeoCoder
Virginia Commonwealth University,vcu.edu,VA,Higher Education,Banner,Linux 64-bit,,CLEAN_Address - USPS,Linux,,DPV,Data Provider: Melissa
Virginia Tech,vt.edu,VA,Higher Education,Banner,Linux 64-bit,,CLEAN_Address - USPS,"Linux, Windows",,DPV,Data Provider: Melissa
Volunteer State Community College,volstate.edu,TN,Higher Education,Banner,Linux 64-bit,,CLEAN_Address - USPS,Linux,,DPV,Data Provider: Melissa,,NCOA - Prepaid
Walla Walla University,wallawalla.edu,WA,Higher Education,PeopleSoft,Windows 64-bit,,CLEAN_Address - USPS,Windows,,DPV,Data Provider: Melissa,,NCOA
Walters State Community College,ws.edu,TN,Higher Education,Banner,Linux 64-bit,,CLEAN_Address - USPS,Linux,,DPV,Data Provider: Melissa,,NCOA - Prepaid
Washington State Board of Community & Technical Colleges,sbctc.edu,WA,Higher Education,PeopleSoft,Linux 64-bit,,CLEAN_Address - USPS,Linux,,DPV,Data Provider: Melissa,,,,"34 Institutions - One Instance
Bates Technical College,,WA,Higher Education,PeopleSoft,Linux 64-bit,,CLEAN_Address - USPS,Linux,
Bellevue College,,WA,Higher Education,PeopleSoft,Linux 64-bit,,CLEAN_Address - USPS,Linux,
Bellingham Technical College,,WA,Higher Education,PeopleSoft,Linux 64-bit,,CLEAN_Address - USPS,Linux,
Big Bend Community College,,WA,Higher Education,PeopleSoft,Linux 64-bit,,CLEAN_Address - USPS,Linux,
Cascadia College,,WA,Higher Education,PeopleSoft,Linux 64-bit,,CLEAN_Address - USPS,Linux,
Centralia College,,WA,Higher Education,PeopleSoft,Linux 64-bit,,CLEAN_Address - USPS,Linux,
Clark College,,WA,Higher Education,PeopleSoft,Linux 64-bit,,CLEAN_Address - USPS,Linux,
Clover Park Technical College,,WA,Higher Education,PeopleSoft,Linux 64-bit,,CLEAN_Address - USPS,Linux,
Columbia Basin College,,WA,Higher Education,PeopleSoft,Linux 64-bit,,CLEAN_Address - USPS,Linux,
Edmonds Community College,,WA,Higher Education,PeopleSoft,Linux 64-bit,,CLEAN_Address - USPS,Linux,
Everett Community College,,WA,Higher Education,PeopleSoft,Linux 64-bit,,CLEAN_Address - USPS,Linux,
Grays Harbor College,,WA,Higher Education,PeopleSoft,Linux 64-bit,,CLEAN_Address - USPS,Linux,
Green River,,WA,Higher Education,PeopleSoft,Linux 64-bit,,CLEAN_Address - USPS,Linux,
Highline College,,WA,Higher Education,PeopleSoft,Linux 64-bit,,CLEAN_Address - USPS,Linux,
Lake Washington Institute of Technology,,WA,Higher Education,PeopleSoft,Linux 64-bit,,CLEAN_Address - USPS,Linux,
Lower Columbia College,,WA,Higher Education,PeopleSoft,Linux 64-bit,,CLEAN_Address - USPS,Linux,
North Seattle College,,WA,Higher Education,PeopleSoft,Linux 64-bit,,CLEAN_Address - USPS,Linux,
Olympic College
Peninsula College
Pierce College - Fort Steilacoom
Pierce College - Puyallup
Renton Technical College
Seattle Central College
Shoreline Community College
Skagit Valley College
South Puget Sound Community College
South Seattle College
Spokane Community College
Spokane Falls Community College
Tacoma Community College
Walla Walla Community College
Wenatchee Valley College
Whatcom Community College
Yakima Valley College"
Washtenaw Community College,wccnet.edu,MI,,,Higher Education,Banner,Windows 64-bit,,CLEAN_Address - USPS,Windows,,DPV,Data Provider: Melissa
Waubonsee Community College,waubonsee.edu,IL,,,Higher Education,Banner,Linux 64-bit,,CLEAN_Address - USPS,Linux,,DPV,Data Provider: Melissa,AddressDoctor International
Waukesha County Technical College,wctc.edu,WI,,,Higher Education,Banner,Linux 64-bit,,CLEAN_Address - USPS,Linux,,DPV,Data Provider: Melissa
Wayne County Community College District,wcccd.edu,MI,,,Higher Education,Banner,,,CLEAN_Address - USPS,Linux,,DPV,Data Provider: Melissa
Wayne State University,wayne.edu,MI,,,Higher Education,Banner,Linux 64-bit,,CLEAN_Address - USPS,Linux,,DPV,Data Provider: Melissa
Weber State University,weber.edu,UT,,,Higher Education,Banner,Linux 64-bit,Quarterly,CLEAN_Address - USPS,Linux,,DPV,Data Provider: Melissa,GeoCoder
Wentworth Institute of Technology,wit.edu,MA,,,Higher Education,Banner,Linux 64-bit,,CLEAN_Address - USPS,Linux,,DPV,Data Provider: Melissa
West Chester University,wcupa.edu,PA,,,Higher Education,"PeopleSoft, Banner",Windows 64-bit,,CLEAN_Address - USPS,"Windows, Linux",,DPV,Data Provider: Melissa,"AddressDoctor International,CLEAN_Entry",NCOA
Westchester Community College,sunywcc.edu,NY,,,Higher Education,"PeopleSoft, PeopleSoft SQL Server",Windows 64-bit,,CLEAN_Address - USPS,Windows,,DPV,Data Provider: Melissa
Western Carolina University,wcu.edu,NC,,,Higher Education,Banner,Linux 64-bit,,CLEAN_Address - USPS,Linux,,DPV,Data Provider: Melissa
Western Iowa Technical Community College,witcc.edu,IA,,,Higher Education,Colleague,Windows 64-bit,,CLEAN_Address - USPS,Windows,,DPV,Data Provider: Melissa,,"NCOA - Prepaid,MCOA - Prepaid"
Western Kentucky University,wku.edu,KY,,,Higher Education,"Banner, Advance",Linux 64-bit,,CLEAN_Address - USPS,Linux,,DPV,Data Provider: Melissa
Western Oregon University,wou.edu,OR,,,Higher Education,Banner,Linux 64-bit,,CLEAN_Address - USPS,Linux,,DPV,Data Provider: Melissa,,NCOA - Prepaid
Western University of Health Sciences,westernu.edu,CA,,,Higher Education,Banner,Linux 64-bit,,CLEAN_Address - USPS,Linux,,DPV,Data Provider: Melissa
Western Washington University,wwu.edu,WA,,,Higher Education,Banner,Linux 64-bit,,CLEAN_Address - USPS,Linux,,DPV,Data Provider: Melissa
Westfield State University,ma.edu,MA,,,Higher Education,Banner,Linux 64-bit,,CLEAN_Address - USPS,Linux,,DPV,Data Provider: Melissa
"Wheaton College, MA",wheatoncollege.edu,MA,,,Higher Education,Banner,Linux 64-bit,,CLEAN_Address - USPS,Linux,,DPV,Data Provider: Melissa,,NCOA - Prepaid
Whitworth University,whitworth.edu,WA,,,Higher Education,Colleague,Windows 64-bit,,CLEAN_Address - USPS,Windows,,DPV,Data Provider: Melissa,"AddressDoctor International,CLEAN_Entry"
Wichita State University,wichita.edu,KS,,,Higher Education,Banner,Linux 64-bit,,CLEAN_Address - USPS,Linux,,DPV,Data Provider: Melissa
Wilfrid Laurier University,www.wlu.ca,ON,Canada,,Higher Education,Banner,Windows 64-bit,Monthly,"CLEAN_Address - USPS,CLEAN_Address - CAN",Windows,Canada - Win,DPV,Data Provider: Melissa,CLEAN_Entry,"NCOA - Prepaid,CCOA - Prepaid"
Wilmington University,wilmu.edu,DE,,,Higher Education,Banner,Linux 64-bit,,CLEAN_Address - USPS,Linux,,DPV,Data Provider: Melissa,,MCOA - Prepaid
Winston-Salem State University,wssu.edu,NC,,,Higher Education,Banner,Linux 64-bit,,CLEAN_Address - USPS,Linux,,DPV,Data Provider: Melissa,AddressDoctor International
Wofford College,wofford.edu,SC,,,Higher Education,Banner,Linux 64-bit,,CLEAN_Address - USPS,Linux,,DPV,Data Provider: Melissa,,NCOA
Wright State University,wright.edu,OH,,,Higher Education,Banner,,,CLEAN_Address - USPS,Solaris,,DPV,Data Provider: Melissa,,NCOA
X-Rite,xrite.com,MI,,,Telecommunications,E-Business Suite,,,CLEAN_Address - USPS,Linux,,DPV,Data Provider: Melissa,AddressDoctor International
Xavier University,xavier.edu,OH,,,Higher Education,Banner,Linux 64-bit,,CLEAN_Address - USPS,Linux,,DPV,Data Provider: Melissa
Yeshiva University,yu.edu,NY,,,Higher Education,Banner,Linux 64-bit,,CLEAN_Address - USPS,Linux,,DPV,Data Provider: Melissa
Youngstown State University,ysu.edu,OH,,,Higher Education,Banner,Linux 64-bit,,CLEAN_Address - USPS,Linux,,DPV,Data Provider: Melissa
